{
    "flowModelVersion": "18.3.3",
    "id": "tracker",
    "description": "Flow main",
    "defaultPage": "tracker-start",
    "chains": {},
    "services": {},
    "types": {
        "getallActivityTrackerResponse": {
            "items": [
                {
                    "id": "number",
                    "lastUpdateDate": "string",
                    "name": "string",
                    "trackerDate": "string",
                    "periodFrom": "string",
                    "periodTill": "string",
                    "nrActivityItems": "number"
                }
            ]
        },
        "@decorators.getallActivityTrackerResponse": {
            "endpoint": "getall_ActivityTracker",
            "service": "businessObjects",
            "path": "response"
        },
        "createActivityTrackerRequest": {
            "name": "string",
            "trackerDate": "string",
            "periodFrom": "string",
            "periodTill": "string"
        },
        "@decorators.createActivityTrackerRequest": {
            "endpoint": "create_ActivityTracker",
            "service": "businessObjects",
            "path": "request"
        },
        "businessObjectServiceErrorResponseType": {
            "body": {
                "status": "string",
                "title": "string",
                "o_errorDetails": [
                    {
                        "detail": "string",
                        "o_errorCode": "string"
                    }
                ]
            },
            "status": "number"
        },
        "updateActivityTrackerRequest": {
            "name": "string",
            "trackerDate": "string",
            "periodFrom": "string",
            "periodTill": "string"
        },
        "@decorators.updateActivityTrackerRequest": {
            "endpoint": "update_ActivityTracker",
            "service": "businessObjects",
            "path": "request"
        },
        "getallTrackerLineItemResponse": {
            "items": [
                {
                    "id": "number",
                    "name": "string",
                    "date1": "string",
                    "activityTracker": "number",
                    "description": "string",
                    "outcome": "string",
                    "nextStep": "string",
                    "modeOfOperationObject": {
                        "items": [
                            {
                                "name": "string"
                            }
                        ]
                    }
                }
            ]
        },
        "@decorators.getallTrackerLineItemResponse": {
            "endpoint": "getall_TrackerLineItem",
            "service": "businessObjects",
            "path": "response"
        },
        "@decorators.createTrackerLineItemRequest": {
            "endpoint": "create_TrackerLineItem",
            "service": "businessObjects",
            "path": "request"
        },
        "getallModeOfOperationResponse": {
            "items": [
                {
                    "id": "number",
                    "name": "string"
                }
            ]
        },
        "@decorators.getallModeOfOperationResponse": {
            "endpoint": "getall_ModeOfOperation",
            "service": "businessObjects",
            "path": "response"
        },
        "updateTrackerLineItemRequest": {
            "name": "string",
            "date1": "string",
            "modeOfOperation": "number",
            "description": "string",
            "outcome": "string",
            "nextStep": "string"
        },
        "@decorators.updateTrackerLineItemRequest": {
            "endpoint": "update_TrackerLineItem",
            "service": "businessObjects",
            "path": "request"
        },
        "createTrackerLineItemRequest": {
            "name": "string",
            "date1": "string",
            "activityTracker": "number",
            "modeOfOperation": "number",
            "description": "string",
            "outcome": "string",
            "nextStep": "string"
        }
      },
    "variables": {}
}