{
  "pageModelVersion": "18.3.3",
  "title": "My start page",
  "description": "The starting page of the flow",
  "variables": {
    "locationListServiceDataProvider": {
      "type": "vb/ServiceDataProvider",
      "defaultValue": {
        "endpoint": "businessObjects/getall_Location",
        "idAttribute": "id",
        "itemsPath": "items",
        "responseType": "flow:getallLocationResponse"
      }
    },
    "oj_table_287965347_1SelectedId": {
      "type": "string",
      "defaultValue": ""
    }
  },
  "types": {},
  "chains": {
    "navigateToCreateLocationChain": {
      "root": "navigateToCreate",
      "actions": {
        "navigateToCreate": {
          "module": "vb/action/builtin/navigateToPageAction",
          "parameters": {
            "history": "push",
            "page": "admin-create-location",
            "params": {}
          },
          "outcomes": {
            "success": ""
          }
        }
      }
    },
    "oj_table_287965347_1ChangeSelectionChain": {
      "variables": {
        "locationId": {
          "type": "string",
          "input": "fromCaller",
          "defaultValue": ""
        }
      },
      "root": "assignVariable",
      "actions": {
        "assignVariable": {
          "module": "vb/action/builtin/assignVariablesAction",
          "parameters": {
            "$page.variables.oj_table_287965347_1SelectedId": {
              "source": "[[ $chain.variables.locationId ]]"
            }
          },
          "outcomes": {
            "success": ""
          }
        }
      }
    },
    "navigateToEditLocationChain": {
      "root": "navigateToEdit",
      "actions": {
        "navigateToEdit": {
          "module": "vb/action/builtin/navigateToPageAction",
          "parameters": {
            "history": "push",
            "page": "admin-edit-location",
            "params": {
              "locationId": "[[ $page.variables.oj_table_287965347_1SelectedId ]]"
            }
          },
          "outcomes": {
            "success": ""
          }
        }
      }
    },
    "deleteLocationChain": {
      "root": "deleteLocation",
      "variables": {
        "locationId": {
          "type": "string",
          "input": "fromCaller",
          "defaultValue": "{{ $page.variables.oj_table_287965347_1SelectedId }}"
        }
      },
      "actions": {
        "deleteLocation": {
          "module": "vb/action/builtin/restAction",
          "parameters": {
            "endpoint": "businessObjects/delete_Location",
            "uriParams": {
              "Location_Id": "{{ $chain.variables.locationId }}"
            }
          },
          "outcomes": {
            "success": "refreshDataProvider",
            "failure": "fireErrorNotification"
          }
        },
        "refreshDataProvider": {
          "module": "vb/action/builtin/fireDataProviderEventAction",
          "outcomes": {
            "success": "fireSuccessNotification"
          },
          "parameters": {
            "refresh": "",
            "target": "{{ $page.variables.locationListServiceDataProvider }}"
          }
        },
        "fireSuccessNotification": {
          "module": "vb/action/builtin/fireNotificationEventAction",
          "parameters": {
            "message": "{{ 'Location [' + $chain.variables.locationId + '] successfully deleted' }}",
            "type": "confirmation",
            "displayMode": "transient"
          },
          "outcomes": {}
        },
        "fireErrorNotification": {
          "module": "vb/action/builtin/fireNotificationEventAction",
          "parameters": {
            "message": "{{ 'Could not delete data: status ' + $chain.results.deleteLocation.payload.status }}",
            "type": "error",
            "displayMode": "persist"
          },
          "outcomes": {}
        }
      }
    },
    "ButtonClickAction": {
      "description": "",
      "variables": {
        "detail": {
          "required": true,
          "type": "any",
          "input": "fromCaller"
        }
      },
      "root": "",
      "actions": {}
    },
    "ButtonClickAction1": {
      "description": "",
      "variables": {
        "detail": {
          "required": true,
          "type": "any",
          "input": "fromCaller"
        }
      },
      "root": "navigateToPage1",
      "actions": {
        "navigateToPage1": {
          "module": "vb/action/builtin/navigateToPageAction",
          "parameters": {
            "page": "admin-locations",
            "history": "push"
          }
        }
      }
    },
    "ButtonClickAction2": {
      "description": "",
      "variables": {
        "detail": {
          "required": true,
          "type": "any",
          "input": "fromCaller"
        }
      },
      "root": "navigateToPage1",
      "actions": {
        "navigateToPage1": {
          "module": "vb/action/builtin/navigateToPageAction",
          "parameters": {
            "page": "admin-employees",
            "history": "push"
          }
        }
      }
    },
    "ButtonClickAction3": {
      "description": "",
      "variables": {
        "detail": {
          "required": true,
          "type": "any",
          "input": "fromCaller"
        }
      },
      "root": "navigateToPage1",
      "actions": {
        "navigateToPage1": {
          "module": "vb/action/builtin/navigateToPageAction",
          "parameters": {
            "page": "admin-departments",
            "history": "push"
          }
        }
      }
    },
    "IconClickAction": {
      "description": "",
      "variables": {
        "detail": {
          "required": true,
          "type": "any",
          "input": "fromCaller"
        }
      },
      "root": "navigateToPage1",
      "actions": {
        "navigateToPage1": {
          "module": "vb/action/builtin/navigateToPageAction",
          "parameters": {
            "page": "admin-start"
          }
        }
      }
    },
    "navigateToEditLocationChain2": {
      "root": "navigateToEdit",
      "actions": {
        "navigateToEdit": {
          "module": "vb/action/builtin/navigateToPageAction",
          "parameters": {
            "history": "push",
            "page": "admin-edit-location2",
            "params": {
              "locationId": "[[ $page.variables.oj_table_287965347_1SelectedId ]]"
            }
          },
          "outcomes": {
            "success": ""
          }
        }
      }
    }
  },
  "eventListeners": {
    "createLocationButtonClicked": {
      "chains": [
        {
          "chainId": "navigateToCreateLocationChain"
        }
      ]
    },
    "oj_table_287965347_1SelectionChanged": {
      "chains": [
        {
          "chainId": "oj_table_287965347_1ChangeSelectionChain",
          "parameters": {
            "locationId": "[[ ($event.detail.value && $event.detail.value[0] && 'row' in $event.detail.value[0].startKey) ? $event.detail.value[0].startKey.row : '' ]]"
          }
        }
      ]
    },
    "editLocationButtonClicked": {
      "chains": [
        {
          "chainId": "navigateToEditLocationChain"
        }
      ]
    },
    "deleteLocationButtonClicked": {
      "chains": [
        {
          "chainId": "deleteLocationChain"
        }
      ]
    },
    "ojButton6034574391Click": {
      "chains": [
        {
          "chainId": "ButtonClickAction1",
          "parameters": {
            "detail": "{{ $event.detail }}"
          }
        }
      ]
    },
    "ojButton6034574393Click": {
      "chains": [
        {
          "chainId": "ButtonClickAction2",
          "parameters": {
            "detail": "{{ $event.detail }}"
          }
        }
      ]
    },
    "ojButton6034574392Click": {
      "chains": [
        {
          "chainId": "ButtonClickAction3",
          "parameters": {
            "detail": "{{ $event.detail }}"
          }
        }
      ]
    },
    "span6034574391Click": {
      "chains": [
        {
          "chainId": "IconClickAction",
          "parameters": {
            "detail": "{{ $event.detail }}"
          }
        }
      ]
    },
    "editLocationButtonClicked2": {
      "chains": [
        {
          "chainId": "navigateToEditLocationChain2"
        }
      ]
    }
  },
  "imports": {
    "components": {
      "oj-table": {
        "path": "ojs/ojtable"
      },
      "oj-toolbar": {
        "path": "ojs/ojtoolbar"
      },
      "oj-button": {
        "path": "ojs/ojbutton"
      },
      "oj-menu-button": {
        "path": "ojs/ojbutton"
      },
      "oj-menu": {
        "path": "ojs/ojmenu"
      },
      "oj-option": {
        "path": "ojs/ojoption"
      }
    }
  }
}