{
  "pageModelVersion": "18.3.3",
  "title": "Edit Department",
  "description": "Updates single Department record",
  "variables": {
    "departmentRecord": {
      "type": "flow:updateDepartmentRequest"
    },
    "departmentId": {
      "type": "string",
      "required": true,
      "input": "fromUrl"
    },
    "departmentRecordETag": {
      "type": "string"
    },
    "locationListServiceDataProvider": {
      "type": "vb/ServiceDataProvider",
      "defaultValue": {
        "endpoint": "businessObjects/getall_Location",
        "idAttribute": "id",
        "itemsPath": "items",
        "responseType": "flow:getallLocationResponse",
        "uriParameters": {}
      }
    }
  },
  "types": {},
  "chains": {
    "goBackChain": {
      "root": "navigateBack",
      "actions": {
        "navigateBack": {
          "module": "vb/action/builtin/navigateBackAction",
          "outcomes": {
            "success": ""
          }
        }
      }
    },
    "loadDepartmentChain": {
      "root": "loadDepartment",
      "actions": {
        "loadDepartment": {
          "module": "vb/action/builtin/restAction",
          "parameters": {
            "endpoint": "businessObjects/get_Department",
            "uriParams": {
              "Department_Id": "{{ $page.variables.departmentId }}"
            },
            "responseType": "flow:updateDepartmentRequest"
          },
          "outcomes": {
            "success": "assignPayload",
            "failure": "fireErrorNotification"
          }
        },
        "assignPayload": {
          "module": "vb/action/builtin/assignVariablesAction",
          "parameters": {
            "$page.variables.departmentRecord": {
              "source": "{{ $chain.results.loadDepartment.body }}"
            },
            "$page.variables.departmentRecordETag": {
              "source": "[[ $chain.results.loadDepartment.headers.get('ETag') ]]"
            }
          },
          "outcomes": {}
        },
        "fireErrorNotification": {
          "module": "vb/action/builtin/fireNotificationEventAction",
          "parameters": {
            "message": "{{ 'Could not load data: status ' + $chain.results.loadDepartment.payload.status }}",
            "type": "error",
            "displayMode": "persist"
          },
          "outcomes": {}
        }
      }
    },
    "saveDepartmentChain": {
      "variables": {
        "saveFailureResult": {
          "type": "flow:businessObjectServiceErrorResponseType"
        },
        "errorMessage": {
          "type": "string"
        },
        "saveHeaders": {
          "type": "object"
        }
      },
      "root": "checkETag",
      "actions": {
        "checkETag": {
          "module": "vb/action/builtin/ifAction",
          "parameters": {
            "condition": "[[ $page.variables.departmentRecordETag ]]"
          },
          "outcomes": {
            "true": "assignIfMatchHeader",
            "false": "saveDepartment"
          }
        },
        "assignIfMatchHeader": {
          "module": "vb/action/builtin/assignVariablesAction",
          "parameters": {
            "$chain.variables.saveHeaders": {
              "source": "[[ { 'If-Match': $page.variables.departmentRecordETag } ]]"
            }
          },
          "outcomes": {
            "success": "saveDepartment"
          }
        },
        "saveDepartment": {
          "module": "vb/action/builtin/restAction",
          "parameters": {
            "endpoint": "businessObjects/update_Department",
            "body": "{{ $page.variables.departmentRecord }}",
            "requestType": "json",
            "uriParams": {
              "Department_Id": "{{ $page.variables.departmentId }}"
            },
            "headers": "[[ $chain.variables.saveHeaders ]]"
          },
          "outcomes": {
            "success": "assignPayload",
            "failure": "assignFailureResult"
          }
        },
        "assignPayload": {
          "module": "vb/action/builtin/assignVariablesAction",
          "parameters": {
            "$page.variables.departmentRecord": {
              "source": "{{ $chain.results.saveDepartment.body }}"
            },
            "$page.variables.departmentRecordETag": {
              "source": "[[ $chain.results.saveDepartment.headers.get('ETag') ]]"
            }
          },
          "outcomes": {
            "success": "fireSuccessNotification"
          }
        },
        "fireSuccessNotification": {
          "module": "vb/action/builtin/fireNotificationEventAction",
          "parameters": {
            "message": "Department record successfully updated",
            "type": "confirmation",
            "displayMode": "transient"
          },
          "outcomes": {
            "success": "callGoBackChain"
          }
        },
        "callGoBackChain": {
          "module": "vb/action/builtin/callChainAction",
          "parameters": {
            "id": "goBackChain"
          }
        },
        "assignFailureResult": {
          "module": "vb/action/builtin/assignVariablesAction",
          "parameters": {
            "$chain.variables.saveFailureResult": {
              "source": "[[ $chain.results.saveDepartment.payload ]]",
              "mapping": {
                "$target": "$source",
                "$target.body.o_errorDetails": {
                  "source": "$source.body['o:errorDetails'] || []",
                  "mapping": {
                    "$target.o_errorCode": "$source['o:errorCode']",
                    "$target.detail": "$source.detail"
                  }
                }
              }
            }
          },
          "outcomes": {
            "success": "testFailureDetails"
          }
        },
        "testFailureDetails": {
          "module": "vb/action/builtin/ifAction",
          "outcomes": {
            "true": "handleDetailedErrorMessage",
            "false": "handleDefaultErrorMessage"
          },
          "parameters": {
            "condition": "[[ $chain.variables.saveFailureResult.body.o_errorDetails[0] ]]"
          }
        },
        "handleDetailedErrorMessage": {
          "module": "vb/action/builtin/assignVariablesAction",
          "outcomes": {
            "success": "fireErrorNotification"
          },
          "parameters": {
            "$chain.variables.errorMessage": {
              "source": "[[ $chain.variables.saveFailureResult.body.o_errorDetails[0].detail ]]"
            }
          }
        },
        "handleDefaultErrorMessage": {
          "module": "vb/action/builtin/assignVariablesAction",
          "outcomes": {
            "success": "fireErrorNotification"
          },
          "parameters": {
            "$chain.variables.errorMessage": {
              "source": "[[ 'Could not update Department: status ' + $chain.results.saveDepartment.payload.status ]]"
            }
          }
        },
        "fireErrorNotification": {
          "module": "vb/action/builtin/fireNotificationEventAction",
          "parameters": {
            "message": "[[ $chain.variables.errorMessage ]]",
            "type": "error",
            "displayMode": "persist"
          }
        }
      }
    }
  },
  "eventListeners": {
    "backButtonClicked": {
      "chains": [
        {
          "chainId": "goBackChain"
        }
      ]
    },
    "saveButtonClicked": {
      "chains": [
        {
          "chainId": "saveDepartmentChain"
        }
      ]
    },
    "vbEnter": {
      "chains": [
        {
          "chainId": "loadDepartmentChain"
        }
      ]
    }
  },
  "imports": {
    "components": {
      "oj-form-layout": {
        "path": "ojs/ojformlayout"
      },
      "oj-input-text": {
        "path": "ojs/ojinputtext"
      },
      "oj-select-one": {
        "path": "ojs/ojselectcombobox"
      },
      "oj-toolbar": {
        "path": "ojs/ojtoolbar"
      },
      "oj-button": {
        "path": "ojs/ojbutton"
      }
    }
  }
}