{
    "fields": [
        {
            "hidden": false,
            "id": "id",
            "internal": true,
            "key": true,
            "oid": "ec6eeb61-721d-4f13-acfd-14bdd8bad99c",
            "required": true,
            "singularName": "Id",
            "type": "number",
            "unique": true
        },
        {
            "hidden": false,
            "id": "creationDate",
            "internal": true,
            "key": false,
            "oid": "1e80694c-7e49-4b9b-b817-cc469f8bdf39",
            "singularName": "Creation Date",
            "type": "datetime"
        },
        {
            "hidden": false,
            "id": "lastUpdateDate",
            "internal": true,
            "key": false,
            "oid": "0341c4f9-fab7-4c78-897c-640e6fb2dfda",
            "singularName": "Last Update Date",
            "type": "datetime"
        },
        {
            "hidden": false,
            "id": "createdBy",
            "internal": true,
            "key": false,
            "oid": "692d3756-41f2-4bdc-9044-0e3759f91814",
            "singularName": "Created By",
            "type": "string"
        },
        {
            "hidden": false,
            "id": "lastUpdatedBy",
            "internal": true,
            "key": false,
            "oid": "1674eb80-815d-47f2-8b97-2aedd61e7fb8",
            "singularName": "Last Updated By",
            "type": "string"
        },
        {
            "hidden": true,
            "id": "abcsChangeNumber",
            "internal": true,
            "key": false,
            "oid": "b3c0cc9f-cc18-4d9e-b395-30aea3d5b1fd",
            "singularName": "Update ID",
            "type": "number"
        },
        {
            "id": "name",
            "oid": "6f137d57-8a9a-4a02-8ffc-48d057b1d917",
            "required": true,
            "singularName": "name",
            "type": "string"
        },
        {
            "id": "location",
            "oid": "f74778a5-3a8f-45dc-a3c9-0766dda918ba",
            "singularName": "Location",
            "type": "reference",
            "updatable": true
        },
        {
            "aggregation": {
                "aggregationFunction": "COUNT",
                "aggregationPath": [
                    {
                        "entityId": "Employee",
                        "mappingFieldId": "department"
                    }
                ]
            },
            "id": "empCount",
            "oid": "26031ba2-07c0-4e92-bc25-59eef5df7144",
            "updatable": false,
            "singularName": "EmpCount",
            "type": "number"
        }
    ],
    "id": "Department",
    "oid": "e4dff13f-9610-42fe-b3f4-af6b40d2281a",
    "singularName": "Department",
    "relations": [
        {
            "accessorId": "locationObject",
            "cardinality": "manyToOne",
            "defaultDisplayFieldId": "name",
            "deleteRule": "restrict",
            "mappingFieldId": "location",
            "sourceEntityId": "Department",
            "targetEntityId": "Location"
        }
    ],
    "security": {
        "type": "local",
        "acl": [
            {
                "roleId": "Employee",
                "privileges": [
                    {
                        "name": "view",
                        "value": true
                    },
                    {
                        "name": "create",
                        "value": true
                    },
                    {
                        "name": "update",
                        "value": true
                    },
                    {
                        "name": "delete",
                        "value": true
                    }
                ]
            },
            {
                "roleId": "Manager",
                "privileges": [
                    {
                        "name": "view",
                        "value": true
                    },
                    {
                        "name": "create",
                        "value": true
                    },
                    {
                        "name": "update",
                        "value": true
                    },
                    {
                        "name": "delete",
                        "value": true
                    }
                ]
            },
            {
                "roleId": "approle.authenticated.user",
                "privileges": [
                    {
                        "name": "view",
                        "value": true
                    },
                    {
                        "name": "create",
                        "value": true
                    },
                    {
                        "name": "update",
                        "value": true
                    },
                    {
                        "name": "delete",
                        "value": true
                    }
                ]
            }
        ]
    },
    "triggers": []
}