id,creationDate,lastUpdateDate,createdBy,lastUpdatedBy,name,location
1,2018-06-19T04:28:21,2018-08-17T08:12:21,rodney.sowirono@oracle.com,rodney.sowirono@oracle.com,Administration,1
2,2018-06-19T04:28:21,2018-08-17T08:12:30,rodney.sowirono@oracle.com,rodney.sowirono@oracle.com,Marketing,2
3,2018-06-19T04:28:21,2018-08-17T08:12:38,rodney.sowirono@oracle.com,rodney.sowirono@oracle.com,Purchasing,3
5,2018-06-19T04:28:21,2018-08-17T08:12:47,rodney.sowirono@oracle.com,rodney.sowirono@oracle.com,IT,4
6,2018-06-19T04:28:21,2018-08-17T08:12:58,rodney.sowirono@oracle.com,rodney.sowirono@oracle.com,Sales,1
7,2018-06-20T01:40:00,2018-08-17T08:13:06,rodney.sowirono@oracle.com,rodney.sowirono@oracle.com,Finance,2
8,2018-06-21T04:08:30,2018-08-17T08:13:19,rayes.huang@oracle.com,rodney.sowirono@oracle.com,Audit,3
