{
  "dashboard-key" : "Dasbor",
  "@dashboard-key" : {
    "description" : "Dashboard",
    "source_text" : "Dashboard"
  },
  "leave-approvals-key" : " persetujuan cuti",
  "@leave-approvals-key" : {
    "description" : "leave approvals",
    "source_text" : "leave approvals"
  },
  "pending-travel-approvals-key" : "menunggu Persetujuan Perjalanan ",
  "@pending-travel-approvals-key" : {
    "description" : "pending travel approvals",
    "source_text" : "pending travel approvals"
  },
  "pending-expense-approvals-key" : "menunggu persetujuan pengeluaran",
  "@pending-expense-approvals-key" : {
    "description" : "pending expense approvals",
    "source_text" : "pending expense approvals"
  },
  "Manager-Access-key" : "Akses Manajer",
  "@Manager-Access-key" : {
    "description" : "Manager Access",
    "source_text" : "Manager Access"
  },
  "Leave-key" : "Cuti",
  "@Leave-key" : {
    "description" : "Leave",
    "source_text" : "Leave"
  },
  "Expenses-key" : "Pengeluaran",
  "@Expenses-key" : {
    "description" : "Expenses",
    "source_text" : "Expenses"
  },
  "Travel-key" : "Perjalanan",
  "@Travel-key" : {
    "description" : "Travel",
    "source_text" : "Travel"
  },
  "Activities-key" : "Aktivitas",
  "@Activities-key" : {
    "description" : "Activities",
    "source_text" : "Activities"
  },
  "Status-key" : "Status",
  "@Status-key" : {
    "description" : "Status",
    "source_text" : "Status"
  },
  "Expense-Type-key" : "Jenis Pengeluaran",
  "@Expense-Type-key" : {
    "description" : "Expense Type",
    "source_text" : "Expense Type"
  },
  "Amount-key" : "Jumlah",
  "@Amount-key" : {
    "description" : "Amount",
    "source_text" : "Amount"
  },
  "Leave-Application-key" : "Permohonan Cuti",
  "@Leave-Application-key" : {
    "description" : "Leave Application",
    "source_text" : "Leave Application"
  },
  "Period-key" : "Periode",
  "@Period-key" : {
    "description" : "Period",
    "source_text" : "Period"
  },
  "Leave-Type-key" : "Jenis Cuti",
  "@Leave-Type-key" : {
    "description" : "Leave Type",
    "source_text" : "Leave Type"
  },
  "From-Date-key" : "Dari Tanggal",
  "@From-Date-key" : {
    "description" : "From Date",
    "source_text" : "From Date"
  },
  "To-Date-key" : "Ke Tanggal",
  "@To-Date-key" : {
    "description" : "To Date",
    "source_text" : "To Date"
  },
  "Leave-Footer-Text-key" : "Cuti Bapa (max 10 hari) | Cuti Anak  - Untuk anak dibawah 7 tahun (max 6\n  hari)* | Lanjutan Cuti Anak - Untuk anak antara 7-12 tahun (max 2 hari)*\n  | Cuti Sakit | Cuti Menikah | Cuti Ujian | Cuti Iba | Cuti \n Liburan/Tahunan | Cuti Tak Dibayar - Perawatan bayi (max 6 hari)",
  "@Leave-Footer-Text-key" : {
    "description" : "",
    "source_text" : "Paternity Leave (max 10 days) | Childcare Leave - For children below 7 yrs (max 6\n  days)* | Extended Childcare Leave - For children between 7-12 yrs (max 2 days)*\n  | Sick Leave | Marriage Leave | Examination Leave | Compassionate Leave | Vacation/Annual\n  Leave | UNPAID Leave - Infant Care (max 6 days)"
  },
  "Edit-key" : "Menyunting",
  "@Edit-key" : {
    "description" : "",
    "source_text" : "Edit"
  },
  "Delete-key" : "Hapus",
  "@Delete-key" : {
    "description" : "Delete",
    "source_text" : "Delete"
  },
  "Edit-Leave-Application-key" : "Menyunting permohonan cuti",
  "@Edit-Leave-Application-key" : {
    "description" : "",
    "source_text" : "Edit Leave Application"
  },
  "Comments-key" : "Komentar",
  "@Comments-key" : {
    "description" : "",
    "source_text" : "Comments"
  },
  "Cancel-key" : "Batal",
  "@Cancel-key" : {
    "description" : "",
    "source_text" : "Cancel"
  },
  "Save-key" : "Simpan",
  "@Save-key" : {
    "description" : "",
    "source_text" : "Save"
  },
  "Add-Leave-Application-key" : "Tambah permohonan cuti",
  "@Add-Leave-Application-key" : {
    "description" : "",
    "source_text" : "Add Leave Application"
  },
  "Filter-key" : "Menyaring:",
  "@Filter-key" : {
    "description" : "",
    "source_text" : "Filter:"
  },
  "Sort-By-key" : "Urutan:",
  "@Sort-By-key" : {
    "description" : "",
    "source_text" : "Sort By:"
  },
  "Country-key" : "Negara",
  "@Country-key" : {
    "description" : "",
    "source_text" : "Country"
  },
  "Start-Date-key" : "Tanggal Mulai",
  "@Start-Date-key" : {
    "description" : "",
    "source_text" : "Start Date"
  },
  "End-Date-key" : "Tanggal Akhir",
  "@End-Date-key" : {
    "description" : "",
    "source_text" : "End Date"
  },
  "Create-Expense-Report-key" : "Buat Laporan Pengeluaran",
  "@Create-Expense-Report-key" : {
    "description" : "",
    "source_text" : "Create Expense Report"
  },
  "Name-key" : "Nama",
  "@Name-key" : {
    "description" : "",
    "source_text" : "Name"
  },
  "Description-key" : "deskripsi",
  "@Description-key" : {
    "description" : "",
    "source_text" : "Description"
  },
  "Justification-key" : "Pembenaran",
  "@Justification-key" : {
    "description" : "",
    "source_text" : "Justification"
  },
  "Exchange-Rate-key" : "Nilai tukar",
  "@Exchange-Rate-key" : {
    "description" : "",
    "source_text" : "Exchange Rate"
  },
  "Amount-USD-key" : "Jumlah dalam USD",
  "@Amount-USD-key" : {
    "description" : "",
    "source_text" : "Amount in USD"
  },
  "Expense-Report-key" : "Laporan Pengeluaran:",
  "@Expense-Report-key" : {
    "description" : "",
    "source_text" : "Expense Report:"
  },
  "Line-Items-key" : "Macam benda",
  "@Line-Items-key" : {
    "description" : "",
    "source_text" : "Line Items"
  },
  "Type-key" : "Jenis",
  "@Type-key" : {
    "description" : "",
    "source_text" : "Type"
  },
  "Date-key" : "Tanggal",
  "@Date-key" : {
    "description" : "",
    "source_text" : "Date"
  },
  "Add-key" : "Tambah",
  "@Add-key" : {
    "description" : "",
    "source_text" : "Add"
  },
  "Delete-Line-Item-key" : "Hapus baris benda",
  "@Delete-Line-Item-key" : {
    "description" : "",
    "source_text" : "Delete Line Item"
  },
  "My-Profile-key" : "Profil Saya",
  "@My-Profile-key" : {
    "description" : "",
    "source_text" : "My Profile"
  },
  "Other-Details-key" : "Perincian Lain-lain",
  "@Other-Details-key" : {
    "description" : "",
    "source_text" : "Other Details"
  },
  "Payslip-key" : "Slip Gaji",
  "@Payslip-key" : {
    "description" : "",
    "source_text" : "Payslip"
  },
  "Download-Payslip-key" : "Unduh Slip Gaji",
  "@Download-Payslip-key" : {
    "description" : "",
    "source_text" : "Download Payslip"
  },
  "About-key" : "Tentang",
  "@About-key" : {
    "description" : "",
    "source_text" : "About"
  },
  "Email-key" : "Email",
  "@Email-key" : {
    "description" : "",
    "source_text" : "Email"
  },
  "Authenticated-key" : "Dikonfirmasi",
  "@Authenticated-key" : {
    "description" : "",
    "source_text" : "Authenticated"
  },
  "UserID-key" : "Identitas Pengguna",
  "@UserID-key" : {
    "description" : "",
    "source_text" : "UserID"
  },
  "Roles-key" : "Peran",
  "@Roles-key" : {
    "description" : "",
    "source_text" : "Roles"
  },
  "Update-Info-key" : "Memperbarui Info",
  "@Update-Info-key" : {
    "description" : "",
    "source_text" : "Update Info"
  },
  "Department-key" : "Departemen",
  "@Department-key" : {
    "description" : "",
    "source_text" : "Department"
  },
  "Job-Title-key" : "Posisi",
  "@Job-Title-key" : {
    "description" : "",
    "source_text" : "Job Title"
  },
  "Hire-Date-key" : "Tanggal Mulai Bekerja",
  "@Hire-Date-key" : {
    "description" : "",
    "source_text" : "Hire Date"
  },
  "Manager-key" : "Manajer",
  "@Manager-key" : {
    "description" : "",
    "source_text" : "Manager"
  },
  "Home-Address-key" : "Alamat Rumah",
  "@Home-Address-key" : {
    "description" : "",
    "source_text" : "Home Address"
  },
  "Mobile-key" : "Telepon Genggam",
  "@Mobile-key" : {
    "description" : "",
    "source_text" : "Mobile"
  },
  "Phone-key" : "Telepon",
  "@Phone-key" : {
    "description" : "",
    "source_text" : "Phone"
  },
  "Title-key" : "Gelar",
  "@Title-key" : {
    "description" : "",
    "source_text" : "Title"
  },
  "Tracker-Date-key" : "Tanggal Pelacak ",
  "@Tracker-Date-key" : {
    "description" : "",
    "source_text" : "Tracker Date"
  },
  "From-key" : "Dari",
  "@From-key" : {
    "description" : "",
    "source_text" : "From"
  },
  "To-key" : "Ke",
  "@To-key" : {
    "description" : "",
    "source_text" : "To"
  },
  "Nr-Activities-key" : "Nomor Aktivitas",
  "@Nr-Activities-key" : {
    "description" : "",
    "source_text" : "Nr. of Activities"
  },
  "Edit-Activity-Tracker-key" : "Menyunting Pelacak Aktivitas",
  "@Edit-Activity-Tracker-key" : {
    "description" : "",
    "source_text" : "Edit Activity Tracker"
  },
  "Activity-key" : "Aktivitas",
  "@Activity-key" : {
    "description" : "",
    "source_text" : "Activity"
  },
  "Result-key" : "Hasil",
  "@Result-key" : {
    "description" : "",
    "source_text" : "Result"
  },
  "Next-Step-key" : "Langkah Berikutnya",
  "@Next-Step-key" : {
    "description" : "",
    "source_text" : "Next Step"
  },
  "New-Line-Item-key" : "Pelacak baris benda baru",
  "@New-Line-Item-key" : {
    "description" : "",
    "source_text" : "New Tracker Line Item"
  },
  "Mode-Of-Operation-key" : "Modus operasi",
  "@Mode-Of-Operation-key" : {
    "description" : "",
    "source_text" : "Mode Of Operation"
  },
  "Save-and-create-key" : "Simpan dan Buat Baru",
  "@Save-and-create-key" : {
    "description" : "",
    "source_text" : "Save and create new"
  },
  "Travel-Request-key" : "Permohonan Perjalanan",
  "@Travel-Request-key" : {
    "description" : "",
    "source_text" : "Travel Request"
  },
  "Destination-key" : "Tujuan Perjalanan",
  "@Destination-key" : {
    "description" : "",
    "source_text" : "Travel Destination"
  },
  "New-Travel-Request-key" : "Permohonan Perjalanan Baru",
  "@New-Travel-Request-key" : {
    "description" : "",
    "source_text" : "New Travel Request"
  },
  "Save-Create-Activities-key" : "Simpan Pembuatan Aktivitas",
  "@Save-Create-Activities-key" : {
    "description" : "",
    "source_text" : "Save Create Activities"
  },
  "Edit-Travel-Request-key" : "Sunting Permohonan Perjalanan",
  "@Edit-Travel-Request-key" : {
    "description" : "",
    "source_text" : "Edit Travel Request"
  },
  "Customer-key" : "Pelanggan",
  "@Customer-key" : {
    "description" : "",
    "source_text" : "Customer"
  },
  "Contact-key" : "kontak",
  "@Contact-key" : {
    "description" : "",
    "source_text" : "Contact"
  },
  "Deal-Size-key" : "Ukuran Transaksi",
  "@Deal-Size-key" : {
    "description" : "",
    "source_text" : "Deal Size"
  },
  "Opportunity-key" : "Kesempatan",
  "@Opportunity-key" : {
    "description" : "",
    "source_text" : "Opportunity"
  },
  "Target-key" : "Sasaran",
  "@Target-key" : {
    "description" : "",
    "source_text" : "Target"
  },
  "Add-Meetings-Activities-key" : "Tambah Pertemuan / Aktivitas",
  "@Add-Meetings-Activities-key" : {
    "description" : "",
    "source_text" : "Add Meetings / Activities"
  },
  "Edit-Meetings-Activities-key" : "Sunting Pertemuan / Aktivitas",
  "@Edit-Meetings-Activities-key" : {
    "description" : "",
    "source_text" : "Edit Meetings / Activities"
  },
  "Manager-Dashboard-key" : "Dasbor Manajer",
  "@Manager-Dashboard-key" : {
    "description" : "",
    "source_text" : "Manager Dashboard"
  },
  "Approve-Travel-Requests-key" : "Menyetujui Permohonan Perjalanan",
  "@Approve-Travel-Requests-key" : {
    "description" : "",
    "source_text" : "Approve Travel Requests"
  },
  "Approve-Leave-Request-key" : "Menyetujui Permohonan Cuti",
  "@Approve-Leave-Request-key" : {
    "description" : "",
    "source_text" : "Approve Leave Request"
  },
  "Approve-Expenses-key" : "Menyetujui Pengeluaran",
  "@Approve-Expenses-key" : {
    "description" : "",
    "source_text" : "Approve Expenses"
  },
  "Locations-key" : "Lokasi",
  "@Locations-key" : {
    "description" : "",
    "source_text" : "Locations"
  },
  "Departments-key" : "Departemen",
  "@Departments-key" : {
    "description" : "",
    "source_text" : "Departments"
  },
  "Employees-key" : "Pegawai",
  "@Employees-key" : {
    "description" : "",
    "source_text" : "Employees"
  },
  "View-Approve-key" : "Tampilkan / Persetujuan",
  "@View-Approve-key" : {
    "description" : "",
    "source_text" : "View / Approve"
  },
  "Requested-By-key" : "Dimohon Oleh",
  "@Requested-By-key" : {
    "description" : "",
    "source_text" : "Requested By"
  },
  "Line-Item-key" : "Baris Benda",
  "@Line-Item-key" : {
    "description" : "",
    "source_text" : "Line Item"
  },
  "Approved-key" : "Disetujui",
  "@Approved-key" : {
    "description" : "",
    "source_text" : "Approved"
  },
  "Approve-Travel-Request-key" : "Menyetujui Permohonan Perjalanan:",
  "@Approve-Travel-Request-key" : {
    "description" : "",
    "source_text" : "Approve Travel Request:"
  },
  "Approve-Leave-key" : "Menyetujui Permohonan Cuti",
  "@Approve-Leave-key" : {
    "description" : "",
    "source_text" : "Approve Leave Request"
  },
  "Employees-Department-key" : "Pegawai per Departemen",
  "@Employees-Department-key" : {
    "description" : "",
    "source_text" : "Employees by Department"
  },
  "Expenses-Country-key" : "Pengeluaran per Negara",
  "@Expenses-Country-key" : {
    "description" : "",
    "source_text" : "Expenses by Country"
  },
  "Leave-Category-key" : "Cuti per kategori",
  "@Leave-Category-key" : {
    "description" : "",
    "source_text" : "Leave by Category"
  },
  "chart_legend_title_a5a8" : "Department",
  "@chart_legend_title_a5a8" : {
    "description" : "",
    "source_text" : "Department"
  }
}