{
  "dashboard-key" : "หน้าสรุปข้อมูล",
  "@dashboard-key" : {
    "description" : "Dashboard",
    "source_text" : "Dashboard"
  },
  "leave-approvals-key" : "อนุมัติวันลา",
  "@leave-approvals-key" : {
    "description" : "leave approvals",
    "source_text" : "leave approvals"
  },
  "pending-travel-approvals-key" : "กำลังรออนุมัติวันลา",
  "@pending-travel-approvals-key" : {
    "description" : "pending travel approvals",
    "source_text" : "pending travel approvals"
  },
  "pending-expense-approvals-key" : "กำลังรออนุมัติค่าใช้จ่าย",
  "@pending-expense-approvals-key" : {
    "description" : "pending expense approvals",
    "source_text" : "pending expense approvals"
  },
  "Manager-Access-key" : "สำหรับเข้าระบบของผู้จัดการ",
  "@Manager-Access-key" : {
    "description" : "Manager Access",
    "source_text" : "Manager Access"
  },
  "Leave-key" : "วันลา",
  "@Leave-key" : {
    "description" : "Leave",
    "source_text" : "Leave"
  },
  "Expenses-key" : "ค่าใช้จ่าย",
  "@Expenses-key" : {
    "description" : "Expenses",
    "source_text" : "Expenses"
  },
  "Travel-key" : "การเดินทาง",
  "@Travel-key" : {
    "description" : "Travel",
    "source_text" : "Travel"
  },
  "Activities-key" : "กิจกรรม",
  "@Activities-key" : {
    "description" : "Activities",
    "source_text" : "Activities"
  },
  "Status-key" : "สถานะ",
  "@Status-key" : {
    "description" : "Status",
    "source_text" : "Status"
  },
  "Expense-Type-key" : "ประเภทค่าใช้จ่าย",
  "@Expense-Type-key" : {
    "description" : "Expense Type",
    "source_text" : "Expense Type"
  },
  "Amount-key" : "จำนวน",
  "@Amount-key" : {
    "description" : "Amount",
    "source_text" : "Amount"
  },
  "Leave-Application-key" : "ขออนุมัติวันลา",
  "@Leave-Application-key" : {
    "description" : "Leave Application",
    "source_text" : "Leave Application"
  },
  "Period-key" : "ระยะเวลา",
  "@Period-key" : {
    "description" : "Period",
    "source_text" : "Period"
  },
  "Leave-Type-key" : "ประเภทวันลา",
  "@Leave-Type-key" : {
    "description" : "Leave Type",
    "source_text" : "Leave Type"
  },
  "From-Date-key" : "จากวันที่",
  "@From-Date-key" : {
    "description" : "From Date",
    "source_text" : "From Date"
  },
  "To-Date-key" : "ถึงวันที่",
  "@To-Date-key" : {
    "description" : "To Date",
    "source_text" : "To Date"
  },
  "Leave-Footer-Text-key" : "ลาคลอดบุตร (สูงสุด ๑๐ วัน) | ลาดูแลบุตร - สำหรับบุตรอายุต่ำกว่า ๗ ปี   (สูงสุด ๖\n วัน)* | ลาดูแลบุตรเพิ่มเติม - สำหรับบุตรอายุ ๗ ถึง ๑๒ ปี  (สูงสุด ๒ วัน)*\n |ลาป่วย | ลาแต่งงาน | ลาสอบ | ลาหยุดเมื่อครอบครัว หรือญาติใกล้ชิดเสียชีวิต | ลาพักร้อน/ลาประจำปี\n |ลาโดยไม่ได้รับค่าจ้าง  - การดูแลทารก (สูงสุด ๖ วัน)",
  "@Leave-Footer-Text-key" : {
    "description" : "",
    "source_text" : "Paternity Leave (max 10 days) | Childcare Leave - For children below 7 yrs (max 6\n  days)* | Extended Childcare Leave - For children between 7-12 yrs (max 2 days)*\n  | Sick Leave | Marriage Leave | Examination Leave | Compassionate Leave | Vacation/Annual\n  Leave | UNPAID Leave - Infant Care (max 6 days)"
  },
  "Edit-key" : "แก้ไข",
  "@Edit-key" : {
    "description" : "",
    "source_text" : "Edit"
  },
  "Delete-key" : "ลบ",
  "@Delete-key" : {
    "description" : "Delete",
    "source_text" : "Delete"
  },
  "Edit-Leave-Application-key" : "แก้ไขวันลา",
  "@Edit-Leave-Application-key" : {
    "description" : "",
    "source_text" : "Edit Leave Application"
  },
  "Comments-key" : "ความคิดเห็น",
  "@Comments-key" : {
    "description" : "",
    "source_text" : "Comments"
  },
  "Cancel-key" : "ยกเลิก",
  "@Cancel-key" : {
    "description" : "",
    "source_text" : "Cancel"
  },
  "Save-key" : "บันทึก",
  "@Save-key" : {
    "description" : "",
    "source_text" : "Save"
  },
  "Add-Leave-Application-key" : "เพิ่มการอนุมัติวันลา",
  "@Add-Leave-Application-key" : {
    "description" : "",
    "source_text" : "Add Leave Application"
  },
  "Filter-key" : "กรอง:",
  "@Filter-key" : {
    "description" : "",
    "source_text" : "Filter:"
  },
  "Sort-By-key" : "จัดเรียงตาม:",
  "@Sort-By-key" : {
    "description" : "",
    "source_text" : "Sort By:"
  },
  "Country-key" : "ประเทศ",
  "@Country-key" : {
    "description" : "",
    "source_text" : "Country"
  },
  "Start-Date-key" : "วันเริ่มต้น",
  "@Start-Date-key" : {
    "description" : "",
    "source_text" : "Start Date"
  },
  "End-Date-key" : "วันสิ้นสุด",
  "@End-Date-key" : {
    "description" : "",
    "source_text" : "End Date"
  },
  "Create-Expense-Report-key" : "สร้างรายงานค่าใช้จ่าย",
  "@Create-Expense-Report-key" : {
    "description" : "",
    "source_text" : "Create Expense Report"
  },
  "Name-key" : "ชื่อ",
  "@Name-key" : {
    "description" : "",
    "source_text" : "Name"
  },
  "Description-key" : "ลักษณะ",
  "@Description-key" : {
    "description" : "",
    "source_text" : "Description"
  },
  "Justification-key" : "เหตุผล",
  "@Justification-key" : {
    "description" : "",
    "source_text" : "Justification"
  },
  "Exchange-Rate-key" : "อัตรแลกเปลี่ยน",
  "@Exchange-Rate-key" : {
    "description" : "",
    "source_text" : "Exchange Rate"
  },
  "Amount-USD-key" : "จำนวนในหน่วย ดอลลาร์สหรัฐ",
  "@Amount-USD-key" : {
    "description" : "",
    "source_text" : "Amount in USD"
  },
  "Expense-Report-key" : "รายงานค่าใช้จ่าย:",
  "@Expense-Report-key" : {
    "description" : "",
    "source_text" : "Expense Report:"
  },
  "Line-Items-key" : "รายการ",
  "@Line-Items-key" : {
    "description" : "",
    "source_text" : "Line Items"
  },
  "Type-key" : "ประเภท",
  "@Type-key" : {
    "description" : "",
    "source_text" : "Type"
  },
  "Date-key" : "วันที่",
  "@Date-key" : {
    "description" : "",
    "source_text" : "Date"
  },
  "Add-key" : "เพิ่ม",
  "@Add-key" : {
    "description" : "",
    "source_text" : "Add"
  },
  "Delete-Line-Item-key" : "ลบรายการ",
  "@Delete-Line-Item-key" : {
    "description" : "",
    "source_text" : "Delete Line Item"
  },
  "My-Profile-key" : "ข้อมูลส่วนตัวของฉัน",
  "@My-Profile-key" : {
    "description" : "",
    "source_text" : "My Profile"
  },
  "Other-Details-key" : "รายละเอียดอื่นๆ",
  "@Other-Details-key" : {
    "description" : "",
    "source_text" : "Other Details"
  },
  "Payslip-key" : "ใบรับเงินเดือน",
  "@Payslip-key" : {
    "description" : "",
    "source_text" : "Payslip"
  },
  "Download-Payslip-key" : "ดาวน์โหลด ใบรับเงินเดือน",
  "@Download-Payslip-key" : {
    "description" : "",
    "source_text" : "Download Payslip"
  },
  "About-key" : "เกี่ยวกับ",
  "@About-key" : {
    "description" : "",
    "source_text" : "About"
  },
  "Email-key" : "อีเมล์",
  "@Email-key" : {
    "description" : "",
    "source_text" : "Email"
  },
  "Authenticated-key" : "รับรองความถูกต้อง",
  "@Authenticated-key" : {
    "description" : "",
    "source_text" : "Authenticated"
  },
  "UserID-key" : "หมายเลขผู้ใช้",
  "@UserID-key" : {
    "description" : "",
    "source_text" : "UserID"
  },
  "Roles-key" : "บทบาท",
  "@Roles-key" : {
    "description" : "",
    "source_text" : "Roles"
  },
  "Update-Info-key" : "แก้ไขข้อมูล",
  "@Update-Info-key" : {
    "description" : "",
    "source_text" : "Update Info"
  },
  "Department-key" : "แผนก",
  "@Department-key" : {
    "description" : "",
    "source_text" : "Department"
  },
  "Job-Title-key" : "ตำแหน่งงาน",
  "@Job-Title-key" : {
    "description" : "",
    "source_text" : "Job Title"
  },
  "Hire-Date-key" : "วันจ้างงาน",
  "@Hire-Date-key" : {
    "description" : "",
    "source_text" : "Hire Date"
  },
  "Manager-key" : "ผู้จัดการ",
  "@Manager-key" : {
    "description" : "",
    "source_text" : "Manager"
  },
  "Home-Address-key" : "ที่อยู่บ้าน",
  "@Home-Address-key" : {
    "description" : "",
    "source_text" : "Home Address"
  },
  "Mobile-key" : "เบอร์โทรศัพท์มือถือ",
  "@Mobile-key" : {
    "description" : "",
    "source_text" : "Mobile"
  },
  "Phone-key" : "เบอร์โทรศัพท์บ้าน",
  "@Phone-key" : {
    "description" : "",
    "source_text" : "Phone"
  },
  "Title-key" : "ตำแหน่ง",
  "@Title-key" : {
    "description" : "",
    "source_text" : "Title"
  },
  "Tracker-Date-key" : "วันที่ติดตาม",
  "@Tracker-Date-key" : {
    "description" : "",
    "source_text" : "Tracker Date"
  },
  "From-key" : "จาก",
  "@From-key" : {
    "description" : "",
    "source_text" : "From"
  },
  "To-key" : "ถึง",
  "@To-key" : {
    "description" : "",
    "source_text" : "To"
  },
  "Nr-Activities-key" : "จำนวนกิจกรรม",
  "@Nr-Activities-key" : {
    "description" : "",
    "source_text" : "Nr. of Activities"
  },
  "Edit-Activity-Tracker-key" : "แก้ไขการติดตามกิจกรรม",
  "@Edit-Activity-Tracker-key" : {
    "description" : "",
    "source_text" : "Edit Activity Tracker"
  },
  "Activity-key" : "กิจกรรม",
  "@Activity-key" : {
    "description" : "",
    "source_text" : "Activity"
  },
  "Result-key" : "ผลลัพธ์",
  "@Result-key" : {
    "description" : "",
    "source_text" : "Result"
  },
  "Next-Step-key" : "ขั้นตอนต่อไป",
  "@Next-Step-key" : {
    "description" : "",
    "source_text" : "Next Step"
  },
  "New-Line-Item-key" : "รายการติดตามใหม่",
  "@New-Line-Item-key" : {
    "description" : "",
    "source_text" : "New Tracker Line Item"
  },
  "Mode-Of-Operation-key" : "วิธีการการจัดการ",
  "@Mode-Of-Operation-key" : {
    "description" : "",
    "source_text" : "Mode Of Operation"
  },
  "Save-and-create-key" : "บันทึก และ สร้างใหม่",
  "@Save-and-create-key" : {
    "description" : "",
    "source_text" : "Save and create new"
  },
  "Travel-Request-key" : "คำร้องขอเดินทาง",
  "@Travel-Request-key" : {
    "description" : "",
    "source_text" : "Travel Request"
  },
  "Destination-key" : "สถานที่ที่จะเดินทาง",
  "@Destination-key" : {
    "description" : "",
    "source_text" : "Travel Destination"
  },
  "New-Travel-Request-key" : "คำร้องขอเดินทางใหม่",
  "@New-Travel-Request-key" : {
    "description" : "",
    "source_text" : "New Travel Request"
  },
  "Save-Create-Activities-key" : "บันทึกกิจกรรมที่สร้าง",
  "@Save-Create-Activities-key" : {
    "description" : "",
    "source_text" : "Save Create Activities"
  },
  "Edit-Travel-Request-key" : "แก้ไขคำร้องขอเดินทาง",
  "@Edit-Travel-Request-key" : {
    "description" : "",
    "source_text" : "Edit Travel Request"
  },
  "Customer-key" : "ลูกค้า",
  "@Customer-key" : {
    "description" : "",
    "source_text" : "Customer"
  },
  "Contact-key" : "ติดต่อ",
  "@Contact-key" : {
    "description" : "",
    "source_text" : "Contact"
  },
  "Deal-Size-key" : "ขนาดข้อตกลงการซื้อขาย",
  "@Deal-Size-key" : {
    "description" : "",
    "source_text" : "Deal Size"
  },
  "Opportunity-key" : "โอกาสการซื้อขาย",
  "@Opportunity-key" : {
    "description" : "",
    "source_text" : "Opportunity"
  },
  "Target-key" : "เป้าหมาย",
  "@Target-key" : {
    "description" : "",
    "source_text" : "Target"
  },
  "Add-Meetings-Activities-key" : "เพิ่ม การประชุม / กิจกรรม",
  "@Add-Meetings-Activities-key" : {
    "description" : "",
    "source_text" : "Add Meetings / Activities"
  },
  "Edit-Meetings-Activities-key" : "แก้ไข การประชุม / กิจกรรม",
  "@Edit-Meetings-Activities-key" : {
    "description" : "",
    "source_text" : "Edit Meetings / Activities"
  },
  "Manager-Dashboard-key" : "หน้าสรุปข้อมูลของผู้จัดการ",
  "@Manager-Dashboard-key" : {
    "description" : "",
    "source_text" : "Manager Dashboard"
  },
  "Approve-Travel-Requests-key" : "อนุมัติคำร้องขอเดินทาง",
  "@Approve-Travel-Requests-key" : {
    "description" : "",
    "source_text" : "Approve Travel Requests"
  },
  "Approve-Leave-Request-key" : "อนุมัติวันลา",
  "@Approve-Leave-Request-key" : {
    "description" : "",
    "source_text" : "Approve Leave Request"
  },
  "Approve-Expenses-key" : "อนุมัติค่าใช้จ่าย",
  "@Approve-Expenses-key" : {
    "description" : "",
    "source_text" : "Approve Expenses"
  },
  "Locations-key" : "สถานที่",
  "@Locations-key" : {
    "description" : "",
    "source_text" : "Locations"
  },
  "Departments-key" : "แผนก",
  "@Departments-key" : {
    "description" : "",
    "source_text" : "Departments"
  },
  "Employees-key" : "พนักงาน",
  "@Employees-key" : {
    "description" : "",
    "source_text" : "Employees"
  },
  "View-Approve-key" : "ดู / อนุมัติ",
  "@View-Approve-key" : {
    "description" : "",
    "source_text" : "View / Approve"
  },
  "Requested-By-key" : "ร้องขอโดย",
  "@Requested-By-key" : {
    "description" : "",
    "source_text" : "Requested By"
  },
  "Line-Item-key" : "รายการ",
  "@Line-Item-key" : {
    "description" : "",
    "source_text" : "Line Item"
  },
  "Approved-key" : "อนุมัติ",
  "@Approved-key" : {
    "description" : "",
    "source_text" : "Approved"
  },
  "Approve-Travel-Request-key" : "อนุมัติคำร้องขอเดินทาง:",
  "@Approve-Travel-Request-key" : {
    "description" : "",
    "source_text" : "Approve Travel Request:"
  },
  "Approve-Leave-key" : "อนุมัติวันลา",
  "@Approve-Leave-key" : {
    "description" : "",
    "source_text" : "Approve Leave Request"
  },
  "Employees-Department-key" : "พนักงานตามแผนก",
  "@Employees-Department-key" : {
    "description" : "",
    "source_text" : "Employees by Department"
  },
  "Expenses-Country-key" : "ค่าใช้จ่ายตามประเทศ",
  "@Expenses-Country-key" : {
    "description" : "",
    "source_text" : "Expenses by Country"
  },
  "Leave-Category-key" : "วันลาตามประเภท",
  "@Leave-Category-key" : {
    "description" : "",
    "source_text" : "Leave by Category"
  },
  "chart_legend_title_a5a8" : "Department",
  "@chart_legend_title_a5a8" : {
    "description" : "",
    "source_text" : "Department"
  }
}