{
    "virtualRoles": {
        "virtualRolesOnly": true,
        "mapping": {
            "Employee": {
                "description": "Cafe Supremo Employee",
                "roles": [
                    "CafeSupremoEmployee",
                    "c",
                    "c"
                ]
            },
            "Manager": {
                "description": "Cafe Supremo Manager",
                "roles": [
                    "CafeSupremoManager"
                ]
            }
        }
    }
}