{
  "pageModelVersion": "18.2.3",
  "description": "Application Starter Page",
  "routerFlow": "main",
  "variables": {},
  "types": {},
  "chains": {
    "showNotificationChain": {
      "variables": {
        "eventPayload": {
          "type": "object"
        }
      },
      "root": "showNotificationBar",
      "actions": {
        "showNotificationBar": {
          "module": "vb/action/builtin/callComponentMethodAction",
          "parameters": {
            "component": "{{ $page.components.byId('vbDefaultNotifier') }}",
            "method": "show",
            "params": [
              "{{ $variables.eventPayload.type }}",
              "{{ $variables.eventPayload.message }}",
              "{{ $variables.eventPayload.displayMode === 'transient' }}"
            ]
          }
        }
      }
    },
    "navigateToPage": {
      "root": "navigateToPage",
      "description": "",
      "variables": {
        "page": {
          "type": "string",
          "required": true,
          "input": "fromCaller"
        }
      },
      "actions": {
        "navigateToPage": {
          "module": "vb/action/builtin/navigateToPageAction",
          "parameters": {
            "history": "push",
            "page": "{{ $variables.page }}"
          }
        }
      }
    },
    "ButtonClickAction": {
      "description": "",
      "variables": {
        "detail": {
          "required": true,
          "type": "any",
          "input": "fromCaller"
        }
      },
      "root": "navigateToProfile",
      "actions": {
        "navigateToProfile": {
          "module": "vb/action/builtin/navigateToPageAction",
          "parameters": {
            "page": "shell/profile",
            "history": "push"
          }
        }
    }
    },
    "MenuOjActionAction": {
      "description": "",
      "variables": {
        "menuId": {
          "required": true,
          "type": "any",
          "input": "fromCaller"
        }
      },
      "root": "navigateToPage",
      "actions": {
        "navigateToPage": {
          "module": "vb/action/builtin/navigateToPageAction",
          "parameters": {
            "page": "shell/profile",
            "history": "push"
          }
        }
      }
    },
    "setLocale": {
      "root": "callModuleFunction1",
      "description": "",
      "variables": {
        "locale": {
          "type": "string",
          "required": true,
          "input": "fromCaller"
        }
      },
      "actions": {
        "callModuleFunction1": {
          "module": "vb/action/builtin/callModuleFunctionAction",
          "parameters": {
            "module": "{{$page.functions}}",
            "functionName": "setAppLanguage",
            "params": [
              "{{ $chain.variables.locale }}"
            ]
          },
          "outcomes": {
            "success": "navigateToPage1"
          }
        },
        "navigateToPage1": {
          "module": "vb/action/builtin/navigateToPageAction",
          "parameters": {
            "page": "shell/main",
            "history": "replace"
          }
        }
      }
    },
    "HyperlinkClick": {
      "description": "",
      "variables": {
        "detail": {
          "required": true,
          "type": "any",
          "input": "fromCaller"
        }
      },
      "root": "",
      "actions": {}
    },
    "HyperlinkClick1": {
      "description": "",
      "variables": {
        "detail": {
          "required": true,
          "type": "any",
          "input": "fromCaller"
        }
      },
      "root": "",
      "actions": {}
    },
    "HyperlinkClick2": {
      "description": "",
      "variables": {
        "detail": {
          "required": true,
          "type": "any",
          "input": "fromCaller"
        }
      },
      "root": "",
      "actions": {}
    },
    "HyperlinkClick3": {
      "description": "",
      "variables": {
        "detail": {
          "required": true,
          "type": "any",
          "input": "fromCaller"
        }
      },
      "root": "",
      "actions": {}
    },
    "ButtonsetOneValueChange": {
      "description": "",
      "variables": {
        "value": {
          "required": true,
          "type": "any",
          "input": "fromCaller"
        }
      },
      "root": "callModuleFunction2",
      "actions": {
        "callModuleFunction2": {
          "module": "vb/action/builtin/callModuleFunctionAction",
          "parameters": {
            "module": "{{$page.functions}}",
            "functionName": "setAppLanguage",
            "params": [
              "{{ $chain.variables.value }}"
            ]
          },
          "outcomes": {
            "success": "navigateToUrl1"
          }
        },
        "navigateToUrl1": {
          "module": "vb/action/builtin/navigateToExternalAction",
          "parameters": {
            "history": "push",
            "url": "index.html"
          }
        }
    }
    }
  },
  "eventListeners": {
    "vbNotification": {
      "chains": [{
        "chainId": "showNotificationChain",
        "parameters": {
          "eventPayload": "{{ $event }}"
        }
      }]
    },
    "ojNavigationListSelection": {
      "chains": [
        {
          "chainId": "navigateToPage",
          "parameters": {
            "page": "{{ $event.detail.value }}"
          }
        }
      ]
    },
    "menu1OjAction": {
      "chains": [
        {
          "chainId": "MenuOjActionAction",
          "parameters": {
            "menuId": "{{$event.target.value}}"
          }
        }
      ]
    },
    "a4909126581Click": {
      "chains": [
        {
          "chainId": "setLocale",
          "parameters": {
            "locale": "en"
          }
        }
      ]
    },
    "a4909126582Click": {
      "chains": [
        {
          "chainId": "setLocale",
          "parameters": {
            "locale": "id"
          }
        }
      ]
    },
    "a4909126583Click": {
      "chains": [
        {
          "chainId": "setLocale",
          "parameters": {
            "locale": "th"
          }
        }
      ]
    },
    "ojButtonsetOne17207770181Value": {
      "chains": [
        {
          "chainId": "ButtonsetOneValueChange",
          "parameters": {
            "value": "{{ $event.detail.value }}"
          }
        }
      ]
    }
  },
  "imports": {
    "components": {
      "oj-vb-message-bar": {
        "path": "vb/components/messagebar/loader"
      },
      "oj-menu": {
        "path": "ojs/ojmenu"
      },
      "oj-menu-button": {
        "path": "ojs/ojbutton"
      },
      "oj-option": {
        "path": "ojs/ojoption"
      },
      "oj-toolbar": {
        "path": "ojs/ojtoolbar"
      },
      "oj-navigation-list": {
        "path": "ojs/ojnavigationlist"
      },
      "oj-button": {
        "path": "ojs/ojbutton"
      },
      "oj-avatar": {
        "path": "ojs/ojavatar"
      },
      "oj-buttonset-one": {
        "path": "ojs/ojbutton"
      },
      "oj-label": {
        "path": "ojs/ojlabel"
      }
    }
  },
  "translations": {
    "CafeSupremoHR": {
      "path": "./resources/strings/CafeSupremoHR/nls/CafeSupremoHR-strings"
    }
  }
}