{
  "pageModelVersion": "18.3.3",
  "title": "My Profile",
  "description": "The starting page of the flow",
  "variables": {
    "getProfile": {
      "type": "page:getall_Employee",
      "required": false,
      "input": "none"
    },
    "employeeListServiceDataProvider": {
      "type": "vb/ServiceDataProvider",
      "defaultValue": {
        "endpoint": "businessObjects/getall_Employee",
        "idAttribute": "id",
        "itemsPath": "items",
        "responseType": "flow:getallEmployeeResponse",
        "filterCriterion": {
          "op": "{{ \"$or\" }}",
          "criteria": [
            {
              "op": "{{ \"$eq\" }}",
              "attribute": "{{ \"email\" }}",
              "value": "{{ $application.user.email }}"
            }
          ]
        }
      }
    },
    "oj_list_view_870758116_1SelectedId": {
      "type": "string",
      "defaultValue": ""
    },
    "employeeListServiceDataProvider2": {
      "type": "vb/ServiceDataProvider",
      "defaultValue": {
        "endpoint": "businessObjects/getall_Employee",
        "idAttribute": "id",
        "itemsPath": "items",
        "responseType": "flow:getallEmployeeResponse2",
        "filterCriterion": {
          "op": "{{ \"$or\" }}",
          "criteria": [
            {
              "attribute": "{{ \"email\" }}",
              "op": "{{ \"$eq\" }}",
              "value": "{{ $application.user.email }}"
            }
          ]
        }
      }
    },
    "oj_list_view_870758116_2SelectedId": {
      "type": "string",
      "defaultValue": ""
    }
  },
  "types": {
    "@decorators.getall_Employee": {
      "endpoint": "getall_Employee",
      "service": "businessObjects",
      "path": "response"
    },
    "getall_Employee": {
      "items": [
        {
          "id": "number",
          "name": "string",
          "hireDate": "string",
          "email": "string",
          "department": "number",
          "phone": "string",
          "mobile": "string",
          "homeAddress": "string",
          "about": "string",
          "departmentObject": {
            "items": [
              {
                "name": "string"
              }
            ]
          },
          "jobTitleObject": {
            "items": [
              {
                "title": "string"
              }
            ]
          },
          "managerObject": {
            "items": [
              {
                "name": "string"
              }
            ]
          }
        }
      ]
    }
  },
  "chains": {
    "ButtonClickAction": {
      "description": "",
      "variables": {
        "detail": {
          "required": true,
          "type": "any",
          "input": "fromCaller"
        }
      },
      "root": "downloadNotificationPaySlip",
      "actions": {
        "downloadNotificationPaySlip": {
          "module": "vb/action/builtin/fireNotificationEventAction",
          "parameters": {
            "displayMode": "transient",
            "type": "confirmation",
            "message": "Your Payslip has been downloaded"
          }
        }
      }
    },
    "InputTextValueAction": {
      "description": "",
      "variables": {
        "value": {
          "required": true,
          "type": "any",
          "input": "fromCaller"
        }
      },
      "root": "assignVariablesTrue",
      "actions": {
        "assignVariablesTrue": {
          "module": "vb/action/builtin/assignVariablesAction"
        }
      }
    },
    "getProfile": {
      "root": "callReProfile",
      "description": "",
      "actions": {
        "callReProfile": {
          "module": "vb/action/builtin/restAction",
          "parameters": {
            "endpoint": "businessObjects/getall_Employee",
            "uriParams": {
              "q": "{{ $application.user.email }}"
            }
          },
          "outcomes": {
            "success": "assignProfile"
          }
        },
        "assignProfile": {
          "module": "vb/action/builtin/assignVariablesAction",
          "parameters": {
            "$page.variables.getProfile": {
              "source": {
                "items": "{{ $chain.results.callReProfile.body.items }}"
              },
              "reset": "none"
            }
          }
        }
      }
    },
    "oj_list_view_870758116_1ChangeSelectionChain": {
      "variables": {
        "employeeId": {
          "type": "string",
          "input": "fromCaller",
          "defaultValue": ""
        }
      },
      "root": "assignVariable",
      "actions": {
        "assignVariable": {
          "module": "vb/action/builtin/assignVariablesAction",
          "parameters": {
            "$page.variables.oj_list_view_870758116_1SelectedId": {
              "source": "[[ $chain.variables.employeeId ]]"
            }
          },
          "outcomes": {
            "success": ""
          }
        }
      }
    },
    "navigateToEditEmployeeChain": {
      "root": "navigateToEdit",
      "actions": {
        "navigateToEdit": {
          "module": "vb/action/builtin/navigateToPageAction",
          "parameters": {
            "history": "push",
            "page": "profile-edit-employee",
            "params": {
              "employeeId": "[[ $page.variables.oj_list_view_870758116_1SelectedId ]]"
            }
          },
          "outcomes": {
            "success": ""
          }
        }
      }
    },
    "ButtonClickAction1": {
      "description": "",
      "variables": {
        "detail": {
          "required": true,
          "type": "any",
          "input": "fromCaller"
        }
      },
      "root": "navigateToUrl1",
      "actions": {
        "navigateToUrl1": {
          "module": "vb/action/builtin/navigateToExternalAction",
          "parameters": {
            "history": "push",
            "url": "https://www.oracle.com"
          }
        }
      }
    },
    "oj_list_view_870758116_2ChangeSelectionChain": {
      "variables": {
        "employeeId": {
          "type": "string",
          "input": "fromCaller",
          "defaultValue": ""
        }
      },
      "root": "assignVariable",
      "actions": {
        "assignVariable": {
          "module": "vb/action/builtin/assignVariablesAction",
          "parameters": {
            "$page.variables.oj_list_view_870758116_2SelectedId": {
              "source": "[[ $chain.variables.employeeId ]]"
            }
          },
          "outcomes": {
            "success": ""
          }
        }
      }
    },
    "navigateToEditEmployeeChain2": {
      "root": "navigateToEdit",
      "actions": {
        "navigateToEdit": {
          "module": "vb/action/builtin/navigateToPageAction",
          "parameters": {
            "history": "push",
            "page": "profile-update-info-employee",
            "params": {
              "employeeId": "[[ $page.variables.oj_list_view_870758116_2SelectedId ]]"
            }
          },
          "outcomes": {
            "success": ""
          }
        }
      }
    }
  },
  "eventListeners": {
    "ojButton8707581161Click": {
      "chains": [
        {
          "chainId": "ButtonClickAction",
          "parameters": {
            "detail": "{{ $event.detail }}"
          }
        }
      ]
    },
    "vbEnter": {
      "chains": [
        {
          "chainId": "getProfile",
          "parameters": {}
        }
      ]
    },
    "oj_list_view_870758116_1SelectionChanged": {
      "chains": [
        {
          "chainId": "oj_list_view_870758116_1ChangeSelectionChain",
          "parameters": {
            "employeeId": "[[ $event.detail.value[0] || '' ]]"
          }
        }
      ]
    },
    "editEmployeeButtonClicked": {
      "chains": [
        {
          "chainId": "navigateToEditEmployeeChain"
        }
      ]
    },
    "ojButton8707581163Click": {
      "chains": [
        {
          "chainId": "ButtonClickAction1",
          "parameters": {
            "detail": "{{ $event.detail }}"
          }
        }
      ]
    },
    "oj_list_view_870758116_2SelectionChanged": {
      "chains": [
        {
          "chainId": "oj_list_view_870758116_2ChangeSelectionChain",
          "parameters": {
            "employeeId": "[[ $event.detail.value[0] || '' ]]"
          }
        }
      ]
    },
    "editEmployeeButtonClicked2": {
      "chains": [
        {
          "chainId": "navigateToEditEmployeeChain2"
        }
      ]
    }
  },
  "imports": {
    "components": {
      "oj-avatar": {
        "path": "ojs/ojavatar"
      },
      "oj-label": {
        "path": "ojs/ojlabel"
      },
      "oj-input-text": {
        "path": "ojs/ojinputtext"
      },
      "oj-form-layout": {
        "path": "ojs/ojformlayout"
      },
      "oj-combobox-many": {
        "path": "ojs/ojselectcombobox"
      },
      "oj-select-many": {
        "path": "ojs/ojselectcombobox"
      },
      "oj-button": {
        "path": "ojs/ojbutton"
      },
      "oj-list-view": {
        "path": "ojs/ojlistview"
      },
      "oj-toolbar": {
        "path": "ojs/ojtoolbar"
      }
    }
  },
  "translations": {
  }
}