{
    "fields": [
        {
            "hidden": false,
            "id": "id",
            "internal": true,
            "key": true,
            "oid": "0c7dfe73-1d9b-4183-b6b3-eff6348a2838",
            "required": true,
            "singularName": "Id",
            "type": "number",
            "unique": true
        },
        {
            "hidden": false,
            "id": "creationDate",
            "internal": true,
            "key": false,
            "oid": "4facecd2-52c7-4d2e-89cc-37ed7d8c2c0d",
            "singularName": "Creation Date",
            "type": "datetime"
        },
        {
            "hidden": false,
            "id": "lastUpdateDate",
            "internal": true,
            "key": false,
            "oid": "8f100f02-4863-4757-979b-9cf9c14c92b6",
            "singularName": "Last Update Date",
            "type": "datetime"
        },
        {
            "hidden": false,
            "id": "createdBy",
            "internal": true,
            "key": false,
            "oid": "56d23ecc-a8fc-4d02-abdf-8f7a7a5ea81c",
            "singularName": "Created By",
            "type": "string"
        },
        {
            "hidden": false,
            "id": "lastUpdatedBy",
            "internal": true,
            "key": false,
            "oid": "6d972582-38d3-4f5a-81ae-ceac6b682484",
            "singularName": "Last Updated By",
            "type": "string"
        },
        {
            "hidden": true,
            "id": "abcsChangeNumber",
            "internal": true,
            "key": false,
            "oid": "9e333fc9-edc8-4a82-92fb-50d365e1f7b7",
            "singularName": "Update ID",
            "type": "number"
        },
        {
            "id": "name",
            "oid": "7a3475e0-88ca-4fc2-93e4-5c9d413d8ec4",
            "required": true,
            "singularName": "name",
            "type": "string"
        },
        {
            "id": "hireDate",
            "oid": "c0bda587-7ab4-4a3d-af46-992667746af8",
            "singularName": "hireDate",
            "type": "date"
        },
        {
            "id": "email",
            "oid": "13e850a6-aaaa-4f69-a38e-58c627e3eb55",
            "singularName": "email",
            "type": "string",
            "unique": true
        },
        {
            "id": "department",
            "oid": "e05af27a-5a79-4723-ac72-43d3efc329b7",
            "singularName": "Department",
            "type": "reference",
            "unique": false
        },
        {
            "id": "phone",
            "format": "phone",
            "oid": "e8fb8ee2-44f6-4ff4-b847-4f18b11b2145",
            "singularName": "Phone",
            "type": "string"
        },
        {
            "id": "mobile",
            "format": "phone",
            "oid": "e8c750b0-a0c7-4b0a-953f-c574975eba2f",
            "singularName": "Mobile",
            "type": "string"
        },
        {
            "id": "homeAddress",
            "oid": "638bc6c2-57a4-4961-b0e0-8a652765d916",
            "singularName": "Home Address",
            "type": "string"
        },
        {
            "id": "about",
            "oid": "6d6b9a6c-5594-49e8-8ca1-da46ca8cfaee",
            "singularName": "About",
            "type": "string"
        },
        {
            "id": "manager",
            "oid": "12637e04-e58a-449f-bf1c-b5b7b3ed9776",
            "singularName": "Manager",
            "type": "reference"
        },
        {
            "id": "jobTitle",
            "oid": "d48d8021-eb03-4b4f-bb58-9757b6d44940",
            "singularName": "Job Title",
            "type": "reference",
            "unique": false
        }
    ],
    "id": "Employee",
    "oid": "0e484fae-68e0-4afc-93c8-117fbd568c26",
    "singularName": "Employee",
    "relations": [
        {
            "accessorId": "departmentObject",
            "cardinality": "manyToOne",
            "defaultDisplayFieldId": "name",
            "deleteRule": "restrict",
            "mappingFieldId": "department",
            "sourceEntityId": "Employee",
            "targetEntityId": "Department",
            "derivedRelationInfoMap": {
                "$reverse": {}
            }
        },
        {
            "accessorId": "managerObject",
            "cardinality": "manyToOne",
            "defaultDisplayFieldId": "name",
            "deleteRule": "restrict",
            "mappingFieldId": "manager",
            "sourceEntityId": "Employee",
            "targetEntityId": "Employee"
        },
        {
            "accessorId": "jobTitleObject",
            "cardinality": "manyToOne",
            "defaultDisplayFieldId": "title",
            "deleteRule": "restrict",
            "mappingFieldId": "jobTitle",
            "sourceEntityId": "Employee",
            "targetEntityId": "JobTitle",
            "derivedRelationInfoMap": {
                "$reverse": {}
            }
        }
    ],
    "security": {
        "type": "local",
        "acl": [
            {
                "roleId": "Employee",
                "privileges": [
                    {
                        "name": "view",
                        "value": true
                    },
                    {
                        "name": "create",
                        "value": true
                    },
                    {
                        "name": "update",
                        "value": true
                    },
                    {
                        "name": "delete",
                        "value": true
                    }
                ]
            },
            {
                "roleId": "Manager",
                "privileges": [
                    {
                        "name": "view",
                        "value": true
                    },
                    {
                        "name": "create",
                        "value": true
                    },
                    {
                        "name": "update",
                        "value": true
                    },
                    {
                        "name": "delete",
                        "value": true
                    }
                ]
            },
            {
                "roleId": "approle.authenticated.user",
                "privileges": [
                    {
                        "name": "view",
                        "value": true
                    },
                    {
                        "name": "create",
                        "value": true
                    },
                    {
                        "name": "update",
                        "value": true
                    },
                    {
                        "name": "delete",
                        "value": true
                    }
                ]
            }
        ]
    }
}