id,creationDate,lastUpdateDate,createdBy,lastUpdatedBy,name,hireDate,email,department,phone,mobile,homeAddress,about,manager,jobTitle
1,2018-06-19T04:27:56,2018-08-21T04:54:22,rodney.sowirono@oracle.com,rodney.sowirono@oracle.com,Elizabeth Davis,2006-06-17,edavis@example.com,7,,,,,10,6
2,2018-06-19T04:27:56,2018-08-21T04:54:48,rodney.sowirono@oracle.com,rodney.sowirono@oracle.com,James Miller,2008-09-21,jmiller@example.com,8,,,,,10,6
3,2018-06-19T04:27:56,2018-06-19T04:27:56,rodney.sowirono@oracle.com,rodney.sowirono@oracle.com,Jennifer Garcia,2004-01-13,jgarcia@example.com,2,,,,,,
4,2018-06-19T04:27:56,2018-06-19T04:27:56,rodney.sowirono@oracle.com,rodney.sowirono@oracle.com,Mark Williams,2009-01-03,mwilliams@example.com,3,,,,,,
5,2018-06-19T04:27:56,2018-06-19T04:27:56,rodney.sowirono@oracle.com,rodney.sowirono@oracle.com,Sarah Brown,2010-05-21,sbrown@example.com,2,,,,,,
6,2018-06-19T04:27:56,2018-06-19T04:27:56,rodney.sowirono@oracle.com,rodney.sowirono@oracle.com,David Smith,2008-06-25,dsmith@example.com,1,,,,,,
7,2018-06-19T04:27:56,2018-06-19T04:27:56,rodney.sowirono@oracle.com,rodney.sowirono@oracle.com,Karen Johnson,2009-02-05,kjohnson@example.com,2,,,,,,
8,2018-06-19T04:27:56,2018-06-19T04:27:56,rodney.sowirono@oracle.com,rodney.sowirono@oracle.com,Richard Wilson,2010-02-07,rwilson@example.com,3,,,,,,
9,2018-06-19T04:27:56,2018-06-19T04:27:56,rodney.sowirono@oracle.com,rodney.sowirono@oracle.com,Linda Jones,2005-08-17,ljones@example.com,1,,,,,,
10,2018-08-17T08:23:49,2018-09-04T03:18:21,rodney.sowirono@oracle.com,rodney.sowirono@oracle.com,Rodney Sowirono,2010-05-01,rodney.sowirono@oracle.com,5,+6596634029,+6596634029,Sunway Drive ,"Rodney Sowirono is a member of the Oracle APAC AppDev - Mobile and DX practice with a deep focus on Oracle Content and Experience, Collaboration and Visual Builder Cloud. Rodney has over 15 years of experience in Content Management, solution architecture and front-end web development",33,1
12,2018-08-20T09:26:59,2018-09-04T02:55:07,rodney.sowirono@oracle.com,rodney.sowirono@oracle.com,Ajay Nathani,2011-08-01,ajay.nathani@oracle.com,6,,,NA,,10,1
31,2018-08-29T14:36:09,2018-09-04T02:50:11,rodney.sowirono@oracle.com,rodney.sowirono@oracle.com,Rodney Sowirono,2011-07-01,rodney@oracle.com,5,,,,,,
32,2018-08-29T14:38:23,2018-08-29T14:38:23.01,rodney.sowirono@oracle.com,rodney.sowirono@oracle.com,Barry Hiern,1990-08-01,barry.hiern@oracle.com,5,,,,,,
33,2018-09-04T03:17:54,2018-09-04T03:17:54.256,rodney.sowirono@oracle.com,rodney.sowirono@oracle.com,Robin Cofee,2011-09-01,rsowirono@gmail.com,1,0000000000,0000000000,Secret,Robin has been with Cafe Supremo since the beginning ,32,1
