{
    "h1__text_f430": "Admin Dashboard",
    "@h1__text_f430": {
        "description": ""
    },
    "h5__text_fb9b": "Employees by Department",
    "@h5__text_fb9b": {
        "description": ""
    },
    "h5__text_ed63": "Expenses by Country",
    "@h5__text_ed63": {
        "description": ""
    },
    "h5__text_00f5": "Leave by category",
    "@h5__text_00f5": {
        "description": ""
    },
    "table_columns_header_text_3966": "Travel Destination",
    "@table_columns_header_text_3966": {
        "description": ""
    },
    "table_columns_header_text_013b": "Travel Start Date",
    "@table_columns_header_text_013b": {
        "description": ""
    },
    "table_columns_header_text_bb1f": "Travel End Date",
    "@table_columns_header_text_bb1f": {
        "description": ""
    },
    "table_columns_header_text_e50f": "Requested By",
    "@table_columns_header_text_e50f": {
        "description": ""
    },
    "table_columns_header_text_fb60": "Approved",
    "@table_columns_header_text_fb60": {
        "description": ""
    }
   }