{
    "fields": [
        {
            "hidden": false,
            "id": "id",
            "internal": true,
            "key": true,
            "oid": "1ddec11b-9c4b-4bc5-a314-c0eecc5e15cf",
            "required": true,
            "singularName": "Id",
            "type": "number",
            "unique": true
        },
        {
            "hidden": false,
            "id": "creationDate",
            "internal": true,
            "key": false,
            "oid": "d6c988ab-e433-49e5-8661-46feb34e95b6",
            "singularName": "Creation Date",
            "type": "datetime"
        },
        {
            "hidden": false,
            "id": "lastUpdateDate",
            "internal": true,
            "key": false,
            "oid": "c2b9cc8f-bb56-4541-a602-aad3ce1b1444",
            "singularName": "Last Update Date",
            "type": "datetime"
        },
        {
            "hidden": false,
            "id": "createdBy",
            "internal": true,
            "key": false,
            "oid": "96eea673-d113-409f-b3af-574421ff06b5",
            "singularName": "Created By",
            "type": "string"
        },
        {
            "hidden": false,
            "id": "lastUpdatedBy",
            "internal": true,
            "key": false,
            "oid": "ae2940ab-4b02-429b-bca6-342fccc923bc",
            "singularName": "Last Updated By",
            "type": "string"
        },
        {
            "hidden": true,
            "id": "abcsChangeNumber",
            "internal": true,
            "key": false,
            "oid": "84161a3e-514b-4b33-9248-edc59eabed9b",
            "singularName": "Update ID",
            "type": "number"
        },
        {
            "id": "name",
            "oid": "26604b83-c0c6-4cc6-9434-c1396f044e32",
            "singularName": "name",
            "type": "string"
        }
    ],
    "id": "Location",
    "oid": "1159ed71-ba5e-45e9-94b2-1d968949cbfd",
    "singularName": "Location"
}