{
  "pageModelVersion": "18.3.3",
  "title": "My start page",
  "description": "The starting page of the flow",
  "variables": {
    "employeeListServiceDataProvider": {
      "type": "vb/ServiceDataProvider",
      "defaultValue": {
        "endpoint": "businessObjects/getall_Employee",
        "idAttribute": "id",
        "itemsPath": "items",
        "responseType": "flow:getallEmployeeResponse"
      }
    },
    "oj_table_248905862_1SelectedId": {
      "type": "string",
      "defaultValue": ""
    },
    "departmentListServiceDataProvider": {
      "type": "vb/ServiceDataProvider",
      "defaultValue": {
        "endpoint": "businessObjects/getall_Department",
        "idAttribute": "id",
        "itemsPath": "items",
        "responseType": "flow:getallDepartmentResponse3"
      }
    }
  },
  "types": {},
  "chains": {
    "navigateToCreateEmployeeChain": {
      "root": "navigateToCreate",
      "actions": {
        "navigateToCreate": {
          "module": "vb/action/builtin/navigateToPageAction",
          "parameters": {
            "history": "push",
            "page": "main-create-employee",
            "params": {}
          },
          "outcomes": {
            "success": ""
          }
        }
      }
    },
    "oj_table_248905862_1ChangeSelectionChain": {
      "variables": {
        "employeeId": {
          "type": "string",
          "input": "fromCaller",
          "defaultValue": ""
        }
      },
      "root": "assignVariable",
      "actions": {
        "assignVariable": {
          "module": "vb/action/builtin/assignVariablesAction",
          "parameters": {
            "$page.variables.oj_table_248905862_1SelectedId": {
              "source": "[[ $chain.variables.employeeId ]]"
            }
          },
          "outcomes": {
            "success": ""
          }
        }
      }
    },
    "navigateToEditEmployeeChain": {
      "root": "navigateToEdit",
      "actions": {
        "navigateToEdit": {
          "module": "vb/action/builtin/navigateToPageAction",
          "parameters": {
            "history": "push",
            "page": "main-edit-employee",
            "params": {
              "employeeId": "[[ $page.variables.oj_table_248905862_1SelectedId ]]"
            }
          },
          "outcomes": {
            "success": ""
          }
        }
      }
    },
    "deleteEmployeeChain": {
      "root": "deleteEmployee",
      "variables": {
        "employeeId": {
          "type": "string",
          "input": "fromCaller",
          "defaultValue": "{{ $page.variables.oj_table_248905862_1SelectedId }}"
        }
      },
      "actions": {
        "deleteEmployee": {
          "module": "vb/action/builtin/restAction",
          "parameters": {
            "endpoint": "businessObjects/delete_Employee",
            "uriParams": {
              "Employee_Id": "{{ $chain.variables.employeeId }}"
            }
          },
          "outcomes": {
            "success": "refreshDataProvider",
            "failure": "fireErrorNotification"
          }
        },
        "refreshDataProvider": {
          "module": "vb/action/builtin/fireDataProviderEventAction",
          "outcomes": {
            "success": "fireSuccessNotification"
          },
          "parameters": {
            "refresh": "",
            "target": "{{ $page.variables.employeeListServiceDataProvider }}"
          }
        },
        "fireSuccessNotification": {
          "module": "vb/action/builtin/fireNotificationEventAction",
          "parameters": {
            "message": "{{ 'Employee [' + $chain.variables.employeeId + '] successfully deleted' }}",
            "type": "confirmation",
            "displayMode": "transient"
          },
          "outcomes": {}
        },
        "fireErrorNotification": {
          "module": "vb/action/builtin/fireNotificationEventAction",
          "parameters": {
            "message": "{{ 'Could not delete data: status ' + $chain.results.deleteEmployee.payload.status }}",
            "type": "error",
            "displayMode": "persist"
          },
          "outcomes": {}
        }
      }
    }
  },
  "eventListeners": {
    "createEmployeeButtonClicked": {
      "chains": [
        {
          "chainId": "navigateToCreateEmployeeChain"
        }
      ]
    },
    "oj_table_248905862_1SelectionChanged": {
      "chains": [
        {
          "chainId": "oj_table_248905862_1ChangeSelectionChain",
          "parameters": {
            "employeeId": "[[ ($event.detail.value && $event.detail.value[0] && 'row' in $event.detail.value[0].startKey) ? $event.detail.value[0].startKey.row : '' ]]"
          }
        }
      ]
    },
    "editEmployeeButtonClicked": {
      "chains": [
        {
          "chainId": "navigateToEditEmployeeChain"
        }
      ]
    },
    "deleteEmployeeButtonClicked": {
      "chains": [
        {
          "chainId": "deleteEmployeeChain"
        }
      ]
    }
  },
  "imports": {
    "components": {
      "oj-table": {
        "path": "ojs/ojtable"
      },
      "oj-toolbar": {
        "path": "ojs/ojtoolbar"
      },
      "oj-button": {
        "path": "ojs/ojbutton"
      },
      "oj-chart": {
        "path": "ojs/ojchart"
      },
      "oj-label": {
        "path": "ojs/ojlabel"
      },
      "oj-input-date": {
        "path": "ojs/ojdatetimepicker"
      }
    }
  }
}