{
  "pageModelVersion": "18.3.3",
  "title": "My start page",
  "description": "The starting page of the flow",
  "variables": {},
  "types": {},
  "chains": {},
  "eventListeners": {},
  "imports": {
    "components": {
      "oj-ibsample-chat-widget": {
        "path": "oj-ibsample-chat-widget/loader"
      },
      "oj-timeline": {
        "path": "ojs/ojtimeline"
      },
      "oj-avatar": {
        "path": "ojs/ojavatar"
      },
      "oj-train":{
        "path": "ojs/ojtrain"
      }
    }
  }
}