{
  "paths": {
    "exclude": [
      "webApps\\/(\\w+)\\/resources\\/components\\/(.*)\\/lib\\/(.*)$"
    ]
  },
  "rules": {
    "jshint#W032": {
      "description": "Disable unnecessary semicolon warning",
      "disabled": false
    },
    "htmlhint#tag-pair": {
      "description": "Tag must be paired.",
      "disabled": true
    },
    "translations.audit.propertyNotTranslated": {
      "disabled": false
    },
    "jshint#W104": {
      "disabled": false
    },
    "jshint#W119": {
      "disabled": false
    },
    "csslint#error": {
      "disabled": true
    },
    "csslint#warning": {
      "disabled": true
    },
    "jshint#W117": {
      "disabled": false
    },
    "jshint#W014": {
      "disabled": false
    },
    "dependencyNotFound#warning": {
      "disabled": false
    },
    "todorule": {
      "disabled": false
    }
  },
  "auditors": {}
}