{
    "flowModelVersion": "18.3.3",
    "id": "profile",
    "description": "Flow main",
    "defaultPage": "profile-start",
    "chains": {},
    "services": {},
    "types": {
        "@decorators.getallEmployeeResponse": {
            "endpoint": "getall_Employee",
            "service": "businessObjects",
            "path": "response"
        },
        "updateEmployeeRequest": {
            "id": "number",
            "name": "string",
            "hireDate": "string",
            "email": "string",
            "department": "number",
            "phone": "string",
            "mobile": "string",
            "homeAddress": "string",
            "about": "string",
            "manager": "number",
            "jobTitle": "number"
        },
        "@decorators.updateEmployeeRequest": {
            "endpoint": "update_Employee",
            "service": "businessObjects",
            "path": "request"
        },
        "businessObjectServiceErrorResponseType": {
            "body": {
                "status": "string",
                "title": "string",
                "o_errorDetails": [
                    {
                        "detail": "string",
                        "o_errorCode": "string"
                    }
                ]
            },
            "status": "number"
        },
        "getallDepartmentResponse": {
            "items": [
                {
                    "id": "number",
                    "name": "string"
                }
            ]
        },
        "@decorators.getallDepartmentResponse": {
            "endpoint": "getall_Department",
            "service": "businessObjects",
            "path": "response"
        },
        "getallEmployeeResponse": {
            "items": [
                {
                    "id": "number",
                    "name": "string",
                    "hireDate": "string",
                    "email": "string",
                    "department": "number",
                    "phone": "string",
                    "mobile": "string",
                    "homeAddress": "string",
                    "about": "string",
                    "manager": "number",
                    "jobTitle": "number",
                    "departmentObject": {
                        "items": [
                            {
                                "id": "number",
                                "name": "string"
                            }
                        ]
                    },
                    "jobTitleObject": {
                        "items": [
                            {
                                "id": "number",
                                "title": "string"
                            }
                        ]
                    },
                    "managerObject": {
                        "items": [
                            {
                                "name": "string"
                            }
                        ]
                    }
                }
            ]
        },
        "@decorators.getallJobTitleResponse": {
            "endpoint": "getall_JobTitle",
            "service": "businessObjects",
            "path": "response"
        },
        "getallJobTitleResponse": {
            "items": [
                {
                    "id": "number",
                    "title": "string"
                }
            ]
        },
        "getallEmployeeResponse2": {
            "items": [
                {
                    "id": "number",
                    "name": "string",
                    "hireDate": "string",
                    "email": "string",
                    "department": "number",
                    "phone": "string",
                    "mobile": "string",
                    "homeAddress": "string",
                    "about": "string",
                    "manager": "number",
                    "jobTitle": "number",
                    "departmentObject": {
                        "items": [
                            {
                                "name": "string"
                            }
                        ]
                    },
                    "jobTitleObject": {
                        "items": [
                            {
                                "title": "string"
                            }
                        ]
                    },
                    "managerObject": {
                        "items": [
                            {
                                "name": "string"
                            }
                        ]
                    }
                }
            ]
        },
        "@decorators.getallEmployeeResponse2": {
            "endpoint": "getall_Employee",
            "service": "businessObjects",
            "path": "response"
        },
        "updateEmployeeRequest2": {
            "name": "string",
            "hireDate": "string",
            "email": "string",
            "department": "number",
            "phone": "string",
            "mobile": "string",
            "homeAddress": "string",
            "about": "string",
            "manager": "number",
            "jobTitle": "number"
        },
        "@decorators.updateEmployeeRequest2": {
            "endpoint": "update_Employee",
            "service": "businessObjects",
            "path": "request"
        },
        "getallDepartmentResponse2": {
            "items": [
                {
                    "id": "number",
                    "name": "string"
                }
            ]
        },
        "@decorators.getallDepartmentResponse2": {
            "endpoint": "getall_Department",
            "service": "businessObjects",
            "path": "response"
        },
        "getallJobTitleResponse2": {
            "items": [
                {
                    "id": "number",
                    "title": "string"
                }
            ]
        },
        "@decorators.getallJobTitleResponse2": {
            "endpoint": "getall_JobTitle",
            "service": "businessObjects",
            "path": "response"
        },
        "getallEmployeeResponse3": {
            "items": [
                {
                    "id": "number",
                    "name": "string"
                }
            ]
        },
        "@decorators.getallEmployeeResponse3": {
            "endpoint": "getall_Employee",
            "service": "businessObjects",
            "path": "response"
        }
      },
    "variables": {}
}