{
    "flowModelVersion": "18.3.3",
    "id": "travel",
    "description": "Flow main",
    "defaultPage": "travel-start",
    "chains": {},
    "services": {},
    "types": {
        "getallTravelRequestResponse": {
            "items": [
                {
                    "id": "number",
                    "travelStartDate": "string",
                    "travelEndDate": "string",
                    "travelDestination": "string",
                    "travelJustification": "string",
                    "approved": "number",
                    "approvedObject": {
                        "items": [
                            {
                                "status": "string"
                            }
                        ]
                    }
                }
            ]
        },
        "@decorators.getallTravelRequestResponse": {
            "endpoint": "getall_TravelRequest",
            "service": "businessObjects",
            "path": "response"
        },
        "createTravelRequestRequest": {
            "travelStartDate": "string",
            "travelEndDate": "string",
            "travelDestination": "string",
            "travelJustification": "string",
            "approved": "number"
        },
        "@decorators.createTravelRequestRequest": {
            "endpoint": "create_TravelRequest",
            "service": "businessObjects",
            "path": "request"
        },
        "businessObjectServiceErrorResponseType": {
            "body": {
                "status": "string",
                "title": "string",
                "o_errorDetails": [
                    {
                        "detail": "string",
                        "o_errorCode": "string"
                    }
                ]
            },
            "status": "number"
        },
        "updateTravelRequestRequest": {
            "id": "number",
            "travelStartDate": "string",
            "travelEndDate": "string",
            "travelDestination": "string",
            "travelJustification": "string",
            "approved": "number"
        },
        "@decorators.updateTravelRequestRequest": {
            "endpoint": "update_TravelRequest",
            "service": "businessObjects",
            "path": "request"
        },
        "getallMeetingsResponse": {
            "items": [
                {
                    "id": "number",
                    "customer": "string",
                    "contact": "string",
                    "dealSize": "number",
                    "fRCM": "string",
                    "targetClosing": "string",
                    "travelRequest": "number"
                }
            ]
        },
        "@decorators.getallMeetingsResponse": {
            "endpoint": "getall_Meetings",
            "service": "businessObjects",
            "path": "response"
        },
        "createMeetingsRequest": {
            "customer": "string",
            "contact": "string",
            "dealSize": "number",
            "fRCM": "string",
            "targetClosing": "string",
            "travelRequest": "number"
        },
        "@decorators.createMeetingsRequest": {
            "endpoint": "create_Meetings",
            "service": "businessObjects",
            "path": "request"
        },
        "updateMeetingsRequest": {
            "id": "number",
            "customer": "string",
            "contact": "string",
            "dealSize": "number",
            "fRCM": "string",
            "targetClosing": "string",
            "travelRequest": "number"
        },
        "@decorators.updateMeetingsRequest": {
            "endpoint": "update_Meetings",
            "service": "businessObjects",
            "path": "request"
        },
        "getallTravelRequestResponse2": {
            "items": [
                {
                    "id": "number",
                    "createdBy": "string",
                    "travelStartDate": "string",
                    "travelEndDate": "string",
                    "travelDestination": "string",
                    "travelJustification": "string",
                    "approved": "number",
                    "approvedObject": {
                        "items": [
                            {
                                "id": "number",
                                "status": "string"
                            }
                        ]
                    }
                }
            ]
        },
        "@decorators.getallTravelRequestResponse2": {
            "endpoint": "getall_TravelRequest",
            "service": "businessObjects",
            "path": "response"
        }
      },
    "variables": {}
}