{
    "fields": [
        {
            "id": "id",
            "internal": true,
            "key": true,
            "oid": "f0243156-1101-43c2-afc0-ec05599aa72b",
            "required": true,
            "singularName": "Id",
            "type": "number",
            "unique": true
        },
        {
            "id": "creationDate",
            "internal": true,
            "oid": "102970ac-45da-47a9-9ab2-1bd2d3730042",
            "singularName": "Created",
            "type": "datetime"
        },
        {
            "id": "lastUpdateDate",
            "internal": true,
            "oid": "4b42d0c8-9f0c-4dd5-b22c-f76678c639d2",
            "singularName": "Last Updated",
            "type": "datetime"
        },
        {
            "id": "createdBy",
            "internal": true,
            "oid": "a7e1e92c-576e-4b89-9ee3-d3d0fcd870c0",
            "singularName": "Created By",
            "type": "string"
        },
        {
            "id": "lastUpdatedBy",
            "internal": true,
            "oid": "81ec8608-3820-4242-ba9c-05daf122161a",
            "singularName": "Last Updated By",
            "type": "string"
        },
        {
            "hidden": true,
            "id": "abcsChangeNumber",
            "internal": true,
            "oid": "7eaf8a81-519b-4fad-9a44-079b37ba0924",
            "singularName": "<internal>",
            "type": "number"
        },
        {
            "id": "address",
            "oid": "6dd5894f-7c5a-4a88-a340-63eca5b8670a",
            "singularName": "Address",
            "type": "string"
        },
        {
            "id": "postalCode",
            "oid": "b158ff8d-c2a3-4f59-b545-4cccfe91ec71",
            "singularName": "Postal Code",
            "type": "string"
        },
        {
            "id": "officePhone",
            "format": "phone",
            "oid": "0bb2dd52-9a95-43f9-ac14-a4961f7ac84d",
            "singularName": "Office Phone",
            "type": "string"
        },
        {
            "id": "mobilePhone",
            "format": "phone",
            "oid": "9309ad41-91a0-46aa-a2db-102c541d0c2d",
            "singularName": "Mobile Phone",
            "type": "string"
        },
        {
            "id": "city",
            "oid": "014acfc4-6601-48d2-9a1b-acd6f410405f",
            "singularName": "City",
            "type": "string"
        },
        {
            "id": "state",
            "oid": "e5dc3b80-21be-4d85-bf70-34c0138e0a38",
            "singularName": "State",
            "type": "string"
        }
    ],
    "id": "Address",
    "oid": "17535478-add6-4ece-92d0-9d6949d7e23d",
    "singularName": "Address",
    "setupData": true
}