{
    "fields": [
        {
            "id": "id",
            "internal": true,
            "key": true,
            "oid": "f956926a-2d34-4a35-9ca1-799f1bfab29c",
            "required": true,
            "singularName": "Id",
            "type": "number",
            "unique": true
        },
        {
            "id": "creationDate",
            "internal": true,
            "oid": "353f545e-6d55-463b-abbc-5a5b3651cd87",
            "singularName": "Created",
            "type": "datetime"
        },
        {
            "id": "lastUpdateDate",
            "internal": true,
            "oid": "d4dde939-810a-43fe-80b4-4aa580913c61",
            "singularName": "Last Updated",
            "type": "datetime"
        },
        {
            "id": "createdBy",
            "internal": true,
            "oid": "e4476f98-9da5-4c00-a3fa-95383398e933",
            "singularName": "Created By",
            "type": "string"
        },
        {
            "id": "lastUpdatedBy",
            "internal": true,
            "oid": "2858fc07-f4eb-45cf-9605-4f7fd68f2ac7",
            "singularName": "Last Updated By",
            "type": "string"
        },
        {
            "hidden": true,
            "id": "abcsChangeNumber",
            "internal": true,
            "oid": "33a04fa0-94d5-4611-8a6d-65cba52b1dd3",
            "singularName": "<internal>",
            "type": "number"
        },
        {
            "id": "totalEmployees",
            "oid": "4eff9653-1935-4111-8f8e-0b4896fb6ac6",
            "singularName": "TotalEmployees",
            "type": "number"
        },
        {
            "id": "department",
            "oid": "e1ea98f3-2357-451b-96d4-707b8535539d",
            "singularName": "Department",
            "type": "reference",
            "updatable": true
        }
    ],
    "id": "EmployeeSummary",
    "oid": "060775b3-30fa-4358-a25a-d39af112bac7",
    "singularName": "EmployeeSummary",
    "relations": [
        {
            "accessorId": "departmentObject",
            "cardinality": "manyToOne",
            "defaultDisplayFieldId": "name",
            "deleteRule": "restrict",
            "mappingFieldId": "department",
            "sourceEntityId": "EmployeeSummary",
            "targetEntityId": "Department"
        }
    ]
}