{
    "dashboard-key": "Dashboard",
    "@dashboard-key": {
        "description": "Dashboard"
    },
    "leave-approvals-key": "leave approvals",
    "@leave-approvals-key": {
        "description": "leave approvals"
    },
    "pending-travel-approvals-key": "pending travel approvals",
    "@pending-travel-approvals-key": {
        "description": "pending travel approvals"
    },
    "pending-expense-approvals-key": "pending expense approvals",
    "@pending-expense-approvals-key": {
        "description": "pending expense approvals"
    },
    "Manager-Access-key": "Manager Access",
    "@Manager-Access-key": {
        "description": "Manager Access"
    },
    "Leave-key": "Leave",
    "@Leave-key": {
        "description": "Leave"
    },
    "Expenses-key": "Expenses",
    "@Expenses-key": {
        "description": "Expenses"
    },
    "Travel-key": "Travel",
    "@Travel-key": {
        "description": "Travel"
    },
    "Activities-key": "Activities",
    "@Activities-key": {
        "description": "Activities"
    },
    "Status-key": "Status",
    "@Status-key": {
        "description": "Status"
    },
    "Expense-Type-key": "Expense Type",
    "@Expense-Type-key": {
        "description": "Expense Type"
    },
    "Amount-key": "Amount",
    "@Amount-key": {
        "description": "Amount"
    },
    "Leave-Application-key": "Leave Application",
    "@Leave-Application-key": {
        "description": "Leave Application"
    },
    "Period-key": "Period",
    "@Period-key": {
        "description": "Period"
    },
    "Leave-Type-key": "Leave Type",
    "@Leave-Type-key": {
        "description": "Leave Type"
    },
    "From-Date-key": "From Date",
    "@From-Date-key": {
        "description": "From Date"
    },
    "To-Date-key": "To Date",
    "@To-Date-key": {
        "description": "To Date"
    },
    "Leave-Footer-Text-key": "Paternity Leave (max 10 days) | Childcare Leave - For children below 7 yrs (max 6\n  days)* | Extended Childcare Leave - For children between 7-12 yrs (max 2 days)*\n  | Sick Leave | Marriage Leave | Examination Leave | Compassionate Leave | Vacation/Annual\n  Leave | UNPAID Leave - Infant Care (max 6 days)",
    "@Leave-Footer-Text-key": {
        "description": ""
    },
    "Edit-key": "Edit",
    "@Edit-key": {
        "description": ""
    },
    "Delete-key": "Delete",
    "@Delete-key": {
        "description": "Delete"
    },
    "Edit-Leave-Application-key": "Edit Leave Application",
    "@Edit-Leave-Application-key": {
        "description": ""
    },
    "Comments-key": "Comments",
    "@Comments-key": {
        "description": ""
    },
    "Cancel-key": "Cancel",
    "@Cancel-key": {
        "description": ""
    },
    "Save-key": "Save",
    "@Save-key": {
        "description": ""
    },
    "Add-Leave-Application-key": "Add Leave Application",
    "@Add-Leave-Application-key": {
        "description": ""
    },
    "Filter-key": "Filter:",
    "@Filter-key": {
        "description": ""
    },
    "Sort-By-key": "Sort By:",
    "@Sort-By-key": {
        "description": ""
    },
    "Country-key": "Country",
    "@Country-key": {
        "description": ""
    },
    "Start-Date-key": "Start Date",
    "@Start-Date-key": {
        "description": ""
    },
    "End-Date-key": "End Date",
    "@End-Date-key": {
        "description": ""
    },
    "Create-Expense-Report-key": "Create Expense Report",
    "@Create-Expense-Report-key": {
        "description": ""
    },
    "Name-key": "Name",
    "@Name-key": {
        "description": ""
    },
    "Description-key": "Description",
    "@Description-key": {
        "description": ""
    },
    "Justification-key": "Justification",
    "@Justification-key": {
        "description": ""
    },
    "Exchange-Rate-key": "Exchange Rate",
    "@Exchange-Rate-key": {
        "description": ""
    },
    "Amount-USD-key": "Amount in USD",
    "@Amount-USD-key": {
        "description": ""
    },
    "Expense-Report-key": "Expense Report:",
    "@Expense-Report-key": {
        "description": ""
    },
    "Line-Items-key": "Line Items",
    "@Line-Items-key": {
        "description": ""
    },
    "Type-key": "Type",
    "@Type-key": {
        "description": ""
    },
    "Date-key": "Date",
    "@Date-key": {
        "description": ""
    },
    "Add-key": "Add",
    "@Add-key": {
        "description": ""
    },
    "Delete-Line-Item-key": "Delete Line Item",
    "@Delete-Line-Item-key": {
        "description": ""
    },
    "My-Profile-key": "My Profile",
    "@My-Profile-key": {
        "description": ""
    },
    "Other-Details-key": "Other Details",
    "@Other-Details-key": {
        "description": ""
    },
    "Payslip-key": "Payslip",
    "@Payslip-key": {
        "description": ""
    },
    "Download-Payslip-key": "Download Payslip",
    "@Download-Payslip-key": {
        "description": ""
    },
    "About-key": "About",
    "@About-key": {
        "description": ""
    },
    "Email-key": "Email",
    "@Email-key": {
        "description": ""
    },
    "Authenticated-key": "Authenticated",
    "@Authenticated-key": {
        "description": ""
    },
    "UserID-key": "UserID",
    "@UserID-key": {
        "description": ""
    },
    "Roles-key": "Roles",
    "@Roles-key": {
        "description": ""
    },
    "Update-Info-key": "Update Info",
    "@Update-Info-key": {
        "description": ""
    },
    "Department-key": "Department",
    "@Department-key": {
        "description": ""
    },
    "Job-Title-key": "Job Title",
    "@Job-Title-key": {
        "description": ""
    },
    "Hire-Date-key": "Hire Date",
    "@Hire-Date-key": {
        "description": ""
    },
    "Manager-key": "Manager",
    "@Manager-key": {
        "description": ""
    },
    "Home-Address-key": "Home Address",
    "@Home-Address-key": {
        "description": ""
    },
    "Mobile-key": "Mobile",
    "@Mobile-key": {
        "description": ""
    },
    "Phone-key": "Phone",
    "@Phone-key": {
        "description": ""
    },
    "Title-key": "Title",
    "@Title-key": {
        "description": ""
    },
    "Tracker-Date-key": "Tracker Date",
    "@Tracker-Date-key": {
        "description": ""
    },
    "From-key": "From",
    "@From-key": {
        "description": ""
    },
    "To-key": "To",
    "@To-key": {
        "description": ""
    },
    "Nr-Activities-key": "Nr. of Activities",
    "@Nr-Activities-key": {
        "description": ""
    },
    "Edit-Activity-Tracker-key": "Edit Activity Tracker",
    "@Edit-Activity-Tracker-key": {
        "description": ""
    },
    "Activity-key": "Activity",
    "@Activity-key": {
        "description": ""
    },
    "Result-key": "Result",
    "@Result-key": {
        "description": ""
    },
    "Next-Step-key": "Next Step",
    "@Next-Step-key": {
        "description": ""
    },
    "New-Line-Item-key": "New Tracker Line Item",
    "@New-Line-Item-key": {
        "description": ""
    },
    "Mode-Of-Operation-key": "Mode Of Operation",
    "@Mode-Of-Operation-key": {
        "description": ""
    },
    "Save-and-create-key": "Save and create new",
    "@Save-and-create-key": {
        "description": ""
    },
    "Travel-Request-key": "Travel Request",
    "@Travel-Request-key": {
        "description": ""
    },
    "Destination-key": "Travel Destination",
    "@Destination-key": {
        "description": ""
    },
    "New-Travel-Request-key": "New Travel Request",
    "@New-Travel-Request-key": {
        "description": ""
    },
    "Save-Create-Activities-key": "Save Create Activities",
    "@Save-Create-Activities-key": {
        "description": ""
    },
    "Edit-Travel-Request-key": "Edit Travel Request",
    "@Edit-Travel-Request-key": {
        "description": ""
    },
    "Customer-key": "Customer",
    "@Customer-key": {
        "description": ""
    },
    "Contact-key": "Contact",
    "@Contact-key": {
        "description": ""
    },
    "Deal-Size-key": "Deal Size",
    "@Deal-Size-key": {
        "description": ""
    },
    "Opportunity-key": "Opportunity",
    "@Opportunity-key": {
        "description": ""
    },
    "Target-key": "Target",
    "@Target-key": {
        "description": ""
    },
    "Add-Meetings-Activities-key": "Add Meetings / Activities",
    "@Add-Meetings-Activities-key": {
        "description": ""
    },
    "Edit-Meetings-Activities-key": "Edit Meetings / Activities",
    "@Edit-Meetings-Activities-key": {
        "description": ""
    },
    "Manager-Dashboard-key": "Manager Dashboard",
    "@Manager-Dashboard-key": {
        "description": ""
    },
    "Approve-Travel-Requests-key": "Approve Travel Requests",
    "@Approve-Travel-Requests-key": {
        "description": ""
    },
    "Approve-Leave-Request-key": "Approve Leave Request",
    "@Approve-Leave-Request-key": {
        "description": ""
    },
    "Approve-Expenses-key": "Approve Expenses",
    "@Approve-Expenses-key": {
        "description": ""
    },
    "Locations-key": "Locations",
    "@Locations-key": {
        "description": ""
    },
    "Departments-key": "Departments",
    "@Departments-key": {
        "description": ""
    },
    "Employees-key": "Employees",
    "@Employees-key": {
        "description": ""
    },
    "View-Approve-key": "View / Approve",
    "@View-Approve-key": {
        "description": ""
    },
    "Requested-By-key": "Requested By",
    "@Requested-By-key": {
        "description": ""
    },
    "Line-Item-key": "Line Item",
    "@Line-Item-key": {
        "description": ""
    },
    "Approved-key": "Approved",
    "@Approved-key": {
        "description": ""
    },
    "Approve-Travel-Request-key": "Approve Travel Request:",
    "@Approve-Travel-Request-key": {
        "description": ""
    },
    "Approve-Leave-key": "Approve Leave Request",
    "@Approve-Leave-key": {
        "description": ""
    },
    "Employees-Department-key": "Employees by Department",
    "@Employees-Department-key": {
        "description": ""
    },
    "Expenses-Country-key": "Expenses by Country",
    "@Expenses-Country-key": {
        "description": ""
    },
    "Leave-Category-key": "Leave by Category",
    "@Leave-Category-key": {
        "description": ""
    },
    "chart_legend_title_a5a8": "Department",
    "@chart_legend_title_a5a8": {
        "description": ""
    }
   }