{
  "pageModelVersion": "18.3.3",
  "title": "Leave Application",
  "description": "The starting page of the flow",
  "variables": {
    "leaveApplicationListServiceDataProvider": {
      "type": "vb/ServiceDataProvider",
      "defaultValue": {
        "endpoint": "businessObjects/getall_LeaveApplication",
        "idAttribute": "id",
        "itemsPath": "items",
        "responseType": "flow:getallLeaveApplicationResponse",
        "filterCriterion": {
          "op": "{{ \"$or\" }}",
          "criteria": [
            {
              "attribute": "{{ \"createdBy\" }}",
              "op": "{{ \"$eq\" }}",
              "value": "{{ $application.user.userId }}"
            }
          ]
        }
      }
    },
    "oj_table_1513165617_1SelectedId": {
      "type": "string",
      "defaultValue": ""
    }
  },
  "types": {
  },
  "chains": {
    "navigateToCreateLeaveApplicationChain": {
      "root": "navigateToCreate",
      "actions": {
        "navigateToCreate": {
          "module": "vb/action/builtin/navigateToPageAction",
          "parameters": {
            "history": "push",
            "page": "leave-add-leave-application",
            "params": {}
          },
          "outcomes": {
            "success": ""
          }
        }
      }
    },
    "oj_table_1513165617_1ChangeSelectionChain": {
      "variables": {
        "leaveApplicationId": {
          "type": "string",
          "input": "fromCaller",
          "defaultValue": ""
        }
      },
      "root": "assignVariable",
      "actions": {
        "assignVariable": {
          "module": "vb/action/builtin/assignVariablesAction",
          "parameters": {
            "$page.variables.oj_table_1513165617_1SelectedId": {
              "source": "[[ $chain.variables.leaveApplicationId ]]"
            }
          },
          "outcomes": {
            "success": ""
          }
        }
      }
    },
    "navigateToEditLeaveApplicationChain": {
      "root": "navigateToEdit",
      "actions": {
        "navigateToEdit": {
          "module": "vb/action/builtin/navigateToPageAction",
          "parameters": {
            "history": "push",
            "page": "leave-edit-leave-application",
            "params": {
              "leaveApplicationId": "[[ $page.variables.oj_table_1513165617_1SelectedId ]]"
            }
          },
          "outcomes": {
            "success": ""
          }
        }
      }
    },
    "deleteLeaveApplicationChain": {
      "root": "deleteLeaveApplication",
      "variables": {
        "leaveApplicationId": {
          "type": "string",
          "input": "fromCaller",
          "defaultValue": "{{ $page.variables.oj_table_1513165617_1SelectedId }}"
        }
      },
      "actions": {
        "deleteLeaveApplication": {
          "module": "vb/action/builtin/restAction",
          "parameters": {
            "endpoint": "businessObjects/delete_LeaveApplication",
            "uriParams": {
              "LeaveApplication_Id": "{{ $chain.variables.leaveApplicationId }}"
            }
          },
          "outcomes": {
            "success": "refreshDataProvider",
            "failure": "fireErrorNotification"
          }
        },
        "refreshDataProvider": {
          "module": "vb/action/builtin/fireDataProviderEventAction",
          "outcomes": {
            "success": "fireSuccessNotification"
          },
          "parameters": {
            "refresh": "",
            "target": "{{ $page.variables.leaveApplicationListServiceDataProvider }}"
          }
        },
        "fireSuccessNotification": {
          "module": "vb/action/builtin/fireNotificationEventAction",
          "parameters": {
            "message": "{{ 'LeaveApplication [' + $chain.variables.leaveApplicationId + '] successfully deleted' }}",
            "type": "confirmation",
            "displayMode": "transient"
          },
          "outcomes": {}
        },
        "fireErrorNotification": {
          "module": "vb/action/builtin/fireNotificationEventAction",
          "parameters": {
            "message": "{{ 'Could not delete data: status ' + $chain.results.deleteLeaveApplication.payload.status }}",
            "type": "error",
            "displayMode": "persist"
          },
          "outcomes": {}
        }
      }
    }
  },
  "eventListeners": {
    "createLeaveApplicationButtonClicked": {
      "chains": [
        {
          "chainId": "navigateToCreateLeaveApplicationChain"
        }
      ]
    },
    "oj_table_1513165617_1SelectionChanged": {
      "chains": [
        {
          "chainId": "oj_table_1513165617_1ChangeSelectionChain",
          "parameters": {
            "leaveApplicationId": "[[ ($event.detail.value && $event.detail.value[0] && 'row' in $event.detail.value[0].startKey) ? $event.detail.value[0].startKey.row : '' ]]"
          }
        }
      ]
    },
    "editLeaveApplicationButtonClicked": {
      "chains": [
        {
          "chainId": "navigateToEditLeaveApplicationChain"
        }
      ]
    },
    "deleteLeaveApplicationButtonClicked": {
      "chains": [
        {
          "chainId": "deleteLeaveApplicationChain"
        }
      ]
    }
  },
  "imports": {
    "components": {
      "oj-led-gauge": {
        "path": "ojs/ojgauge"
      },
      "oj-label": {
        "path": "ojs/ojlabel"
      },
      "oj-date-picker": {
        "path": "ojs/ojdatetimepicker"
      },
      "oj-table": {
        "path": "ojs/ojtable"
      },
      "oj-toolbar": {
        "path": "ojs/ojtoolbar"
      },
      "oj-button": {
        "path": "ojs/ojbutton"
      },
      "oj-timeline": {
        "path": "ojs/ojtimeline"
      },
      "oj-input-date": {
        "path": "ojs/ojdatetimepicker"
      }
    }
  },
  "translations": {
    "Leave": {
      "path": "./resources/strings/Leave/nls/Leave-strings"
    }
  }
}