{
    "flowModelVersion": "18.2.3",
    "id": "admin",
    "description": "Flow main",
    "defaultPage": "admin-start",
    "chains": {},
    "services": {},
    "types": {
        "getallExpenseReportResponse": {
            "totalResults": "number",
            "count": "number",
            "hasMore": "boolean",
            "limit": "number",
            "offset": "number",
            "links": [
                {
                    "href": "string",
                    "rel": "string",
                    "properties": {
                        "changeIndicator": "string"
                    }
                }
            ],
            "items": [
                {
                    "links": [
                        {
                            "href": "string",
                            "rel": "string",
                            "properties": {
                                "changeIndicator": "string"
                            }
                        }
                    ],
                    "id": "number",
                    "creationDate": "string",
                    "lastUpdateDate": "string",
                    "createdBy": "string",
                    "lastUpdatedBy": "string",
                    "name": "string",
                    "startDate": "string",
                    "endDate": "string",
                    "country": "number",
                    "description": "string",
                    "justification": "string",
                    "amount": "number",
                    "exchangeRate": "number",
                    "amountInUSD": "number",
                    "countryObject": {
                        "totalResults": "number",
                        "count": "number",
                        "hasMore": "boolean",
                        "limit": "number",
                        "offset": "number",
                        "links": [
                            {
                                "href": "string",
                                "rel": "string",
                                "properties": {
                                    "changeIndicator": "string"
                                }
                            }
                        ],
                        "items": [
                            {
                                "links": [
                                    {
                                        "href": "string",
                                        "rel": "string",
                                        "properties": {
                                            "changeIndicator": "string"
                                        }
                                    }
                                ],
                                "id": "number",
                                "creationDate": "string",
                                "lastUpdateDate": "string",
                                "createdBy": "string",
                                "lastUpdatedBy": "string",
                                "name": "string",
                                "currency": "string",
                                "code": "string"
                            }
                        ]
                    },
                    "lineItemCollection": {
                        "totalResults": "number",
                        "count": "number",
                        "hasMore": "boolean",
                        "limit": "number",
                        "offset": "number",
                        "links": [
                            {
                                "href": "string",
                                "rel": "string",
                                "properties": {
                                    "changeIndicator": "string"
                                }
                            }
                        ],
                        "items": [
                            {
                                "links": [
                                    {
                                        "href": "string",
                                        "rel": "string",
                                        "properties": {
                                            "changeIndicator": "string"
                                        }
                                    }
                                ],
                                "id": "number",
                                "creationDate": "string",
                                "lastUpdateDate": "string",
                                "createdBy": "string",
                                "lastUpdatedBy": "string",
                                "expenseReport": "number",
                                "name": "string",
                                "amount": "number"
                            }
                        ]
                    }
                }
            ]
        },
        "@decorators.getallExpenseReportResponse": {
            "endpoint": "getall_ExpenseReport",
            "service": "businessObjects",
            "path": "response"
        },
        "getallLocationResponse": {
            "totalResults": "number",
            "count": "number",
            "hasMore": "boolean",
            "limit": "number",
            "offset": "number",
            "links": [
                {
                    "href": "string",
                    "rel": "string",
                    "properties": {
                        "changeIndicator": "string"
                    }
                }
            ],
            "items": [
                {
                    "links": [
                        {
                            "href": "string",
                            "rel": "string",
                            "properties": {
                                "changeIndicator": "string"
                            }
                        }
                    ],
                    "id": "number",
                    "creationDate": "string",
                    "lastUpdateDate": "string",
                    "createdBy": "string",
                    "lastUpdatedBy": "string",
                    "name": "string",
                    "building": "string",
                    "address": "string",
                    "postalCode": "string",
                    "city": "string",
                    "state": "string",
                    "country": "string"
                }
            ]
        },
        "@decorators.getallLocationResponse": {
            "endpoint": "getall_Location",
            "service": "businessObjects",
            "path": "response"
        },
        "createLocationRequest": {
            "name": "string",
            "building": "string",
            "address": "string",
            "postalCode": "string",
            "city": "string",
            "state": "string",
            "country": "string"
        },
        "@decorators.createLocationRequest": {
            "endpoint": "create_Location",
            "service": "businessObjects",
            "path": "request"
        },
        "businessObjectServiceErrorResponseType": {
            "body": {
                "status": "string",
                "title": "string",
                "o_errorDetails": [
                    {
                        "detail": "string",
                        "o_errorCode": "string"
                    }
                ]
            },
            "status": "number"
        },
        "updateLocationRequest": {
            "id": "number",
            "name": "string",
            "building": "string",
            "address": "string",
            "postalCode": "string",
            "city": "string",
            "state": "string",
            "country": "string"
        },
        "@decorators.updateLocationRequest": {
            "endpoint": "update_Location",
            "service": "businessObjects",
            "path": "request"
        },
        "getallDepartmentResponse": {
            "totalResults": "number",
            "count": "number",
            "hasMore": "boolean",
            "limit": "number",
            "offset": "number",
            "links": [
                {
                    "href": "string",
                    "rel": "string",
                    "properties": {
                        "changeIndicator": "string"
                    }
                }
            ],
            "items": [
                {
                    "links": [
                        {
                            "href": "string",
                            "rel": "string",
                            "properties": {
                                "changeIndicator": "string"
                            }
                        }
                    ],
                    "id": "number",
                    "creationDate": "string",
                    "lastUpdateDate": "string",
                    "createdBy": "string",
                    "lastUpdatedBy": "string",
                    "name": "string",
                    "location": "number",
                    "locationObject": {
                        "totalResults": "number",
                        "count": "number",
                        "hasMore": "boolean",
                        "limit": "number",
                        "offset": "number",
                        "links": [
                            {
                                "href": "string",
                                "rel": "string",
                                "properties": {
                                    "changeIndicator": "string"
                                }
                            }
                        ],
                        "items": [
                            {
                                "links": [
                                    {
                                        "href": "string",
                                        "rel": "string",
                                        "properties": {
                                            "changeIndicator": "string"
                                        }
                                    }
                                ],
                                "id": "number",
                                "creationDate": "string",
                                "lastUpdateDate": "string",
                                "createdBy": "string",
                                "lastUpdatedBy": "string",
                                "name": "string"
                            }
                        ]
                    }
                }
            ]
        },
        "@decorators.getallDepartmentResponse": {
            "endpoint": "getall_Department",
            "service": "businessObjects",
            "path": "response"
        },
        "createDepartmentRequest": {
            "name": "string",
            "location": "number"
        },
        "@decorators.createDepartmentRequest": {
            "endpoint": "create_Department",
            "service": "businessObjects",
            "path": "request"
        },
        "updateDepartmentRequest": {
            "name": "string",
            "location": "number"
        },
        "@decorators.updateDepartmentRequest": {
            "endpoint": "update_Department",
            "service": "businessObjects",
            "path": "request"
        },
        "getallEmployeeResponse": {
            "totalResults": "number",
            "count": "number",
            "hasMore": "boolean",
            "limit": "number",
            "offset": "number",
            "links": [
                {
                    "href": "string",
                    "rel": "string",
                    "properties": {
                        "changeIndicator": "string"
                    }
                }
            ],
            "items": [
                {
                    "links": [
                        {
                            "href": "string",
                            "rel": "string",
                            "properties": {
                                "changeIndicator": "string"
                            }
                        }
                    ],
                    "id": "number",
                    "creationDate": "string",
                    "lastUpdateDate": "string",
                    "createdBy": "string",
                    "lastUpdatedBy": "string",
                    "name": "string",
                    "hireDate": "string",
                    "email": "string",
                    "department": "number",
                    "departmentObject": {
                        "totalResults": "number",
                        "count": "number",
                        "hasMore": "boolean",
                        "limit": "number",
                        "offset": "number",
                        "links": [
                            {
                                "href": "string",
                                "rel": "string",
                                "properties": {
                                    "changeIndicator": "string"
                                }
                            }
                        ],
                        "items": [
                            {
                                "links": [
                                    {
                                        "href": "string",
                                        "rel": "string",
                                        "properties": {
                                            "changeIndicator": "string"
                                        }
                                    }
                                ],
                                "id": "number",
                                "creationDate": "string",
                                "lastUpdateDate": "string",
                                "createdBy": "string",
                                "lastUpdatedBy": "string",
                                "name": "string",
                                "location": "number",
                                "locationObject": {
                                    "totalResults": "number",
                                    "count": "number",
                                    "hasMore": "boolean",
                                    "limit": "number",
                                    "offset": "number",
                                    "links": [
                                        {
                                            "href": "string",
                                            "rel": "string",
                                            "properties": {
                                                "changeIndicator": "string"
                                            }
                                        }
                                    ],
                                    "items": [
                                        {
                                            "links": [
                                                {
                                                    "href": "string",
                                                    "rel": "string",
                                                    "properties": {
                                                        "changeIndicator": "string"
                                                    }
                                                }
                                            ],
                                            "id": "number",
                                            "creationDate": "string",
                                            "lastUpdateDate": "string",
                                            "createdBy": "string",
                                            "lastUpdatedBy": "string",
                                            "name": "string"
                                        }
                                    ]
                                }
                            }
                        ]
                    }
                }
            ]
        },
        "@decorators.getallEmployeeResponse": {
            "endpoint": "getall_Employee",
            "service": "businessObjects",
            "path": "response"
        },
        "createEmployeeRequest": {
            "name": "string",
            "hireDate": "string",
            "email": "string",
            "department": "number"
        },
        "@decorators.createEmployeeRequest": {
            "endpoint": "create_Employee",
            "service": "businessObjects",
            "path": "request"
        },
        "updateEmployeeRequest": {
            "name": "string",
            "hireDate": "string",
            "email": "string",
            "department": "number"
        },
        "@decorators.updateEmployeeRequest": {
            "endpoint": "update_Employee",
            "service": "businessObjects",
            "path": "request"
        },
        "getallTravelRequestResponse": {
            "totalResults": "number",
            "count": "number",
            "hasMore": "boolean",
            "limit": "number",
            "offset": "number",
            "links": [
                {
                    "href": "string",
                    "rel": "string",
                    "properties": {
                        "changeIndicator": "string"
                    }
                }
            ],
            "items": [
                {
                    "links": [
                        {
                            "href": "string",
                            "rel": "string",
                            "properties": {
                                "changeIndicator": "string"
                            }
                        }
                    ],
                    "id": "number",
                    "creationDate": "string",
                    "lastUpdateDate": "string",
                    "createdBy": "string",
                    "lastUpdatedBy": "string",
                    "travelStartDate": "string",
                    "travelEndDate": "string",
                    "travelDestination": "string",
                    "travelJustification": "string",
                    "approved": "boolean",
                    "meetingsCollection": {
                        "totalResults": "number",
                        "count": "number",
                        "hasMore": "boolean",
                        "limit": "number",
                        "offset": "number",
                        "links": [
                            {
                                "href": "string",
                                "rel": "string",
                                "properties": {
                                    "changeIndicator": "string"
                                }
                            }
                        ],
                        "items": [
                            {
                                "links": [
                                    {
                                        "href": "string",
                                        "rel": "string",
                                        "properties": {
                                            "changeIndicator": "string"
                                        }
                                    }
                                ],
                                "id": "number",
                                "creationDate": "string",
                                "lastUpdateDate": "string",
                                "createdBy": "string",
                                "lastUpdatedBy": "string",
                                "customer": "string",
                                "contact": "string",
                                "dealSize": "number",
                                "fRCM": "string",
                                "targetClosing": "string",
                                "travelRequest": "number",
                                "travelRequestObject_id": "number"
                            }
                        ]
                    }
                }
            ]
        },
        "@decorators.getallTravelRequestResponse": {
            "endpoint": "getall_TravelRequest",
            "service": "businessObjects",
            "path": "response"
        },
        "updateTravelRequestRequest": {
            "createdBy": "string",
            "travelStartDate": "string",
            "travelEndDate": "string",
            "travelDestination": "string",
            "travelJustification": "string",
            "approved": "boolean"
        },
        "@decorators.updateTravelRequestRequest": {
            "endpoint": "update_TravelRequest",
            "service": "businessObjects",
            "path": "request"
        },
        "@decorators.getallLeaveApplicationResponse": {
            "endpoint": "getall_LeaveApplication",
            "service": "businessObjects",
            "path": "response"
        },
        "getallLeaveApplicationResponse": {
            "items": [
                {
                    "id": "number",
                    "createdBy": "string",
                    "period": "string",
                    "comments": "string",
                    "fromDate": "string",
                    "toDate": "string",
                    "leaveType": "number",
                    "approved": "number",
                    "approvedObject": {
                        "items": [
                            {
                                "status": "string"
                            }
                        ]
                    },
                    "leaveTypeObject": {
                        "items": [
                            {
                                "typeName": "string"
                            }
                        ]
                    }
                }
            ]
        },
        "updateLeaveApplicationRequest": {
            "createdBy": "string",
            "period": "string",
            "comments": "string",
            "fromDate": "string",
            "toDate": "string",
            "leaveType": "number",
            "approved": "number",
            "approvedObject": [
                {
                    "status": "string"
                }
            ],
            "leaveTypeObject": [
                {
                    "typeName": "string"
                }
            ]
        },
        "@decorators.updateLeaveApplicationRequest": {
            "endpoint": "update_LeaveApplication",
            "service": "businessObjects",
            "path": "request"
        },
        "getallLeaveTypeResponse": {
            "totalResults": "number",
            "count": "number",
            "hasMore": "boolean",
            "limit": "number",
            "offset": "number",
            "links": [
                {
                    "href": "string",
                    "rel": "string",
                    "properties": {
                        "changeIndicator": "string"
                    }
                }
            ],
            "items": [
                {
                    "links": [
                        {
                            "href": "string",
                            "rel": "string",
                            "properties": {
                                "changeIndicator": "string"
                            }
                        }
                    ],
                    "id": "number",
                    "creationDate": "string",
                    "lastUpdateDate": "string",
                    "createdBy": "string",
                    "lastUpdatedBy": "string",
                    "typeName": "string"
                }
            ]
        },
        "@decorators.getallLeaveTypeResponse": {
            "endpoint": "getall_LeaveType",
            "service": "businessObjects",
            "path": "response"
        },
        "getallExpenseReportResponse2": {
            "items": [
                {
                    "id": "number",
                    "createdBy": "string",
                    "name": "string",
                    "startDate": "string",
                    "endDate": "string",
                    "description": "string",
                    "justification": "string",
                    "amount": "number",
                    "approval": "boolean",
                    "countryObject": {
                        "items": [
                            {
                                "name": "string"
                            }
                        ]
                    }
                }
            ]
        },
        "@decorators.getallExpenseReportResponse2": {
            "endpoint": "getall_ExpenseReport",
            "service": "businessObjects",
            "path": "response"
        },
        "updateExpenseReportRequest": {
            "id": "number",
            "createdBy": "string",
            "name": "string",
            "startDate": "string",
            "endDate": "string",
            "country": "number",
            "description": "string",
            "justification": "string",
            "amount": "number",
            "approval": "boolean"
        },
        "@decorators.updateExpenseReportRequest": {
            "endpoint": "update_ExpenseReport",
            "service": "businessObjects",
            "path": "request"
        },
        "getallCountryResponse": {
            "items": [
                {
                    "id": "number",
                    "name": "string"
                }
            ]
        },
        "@decorators.getallCountryResponse": {
            "endpoint": "getall_Country",
            "service": "businessObjects",
            "path": "response"
        },
        "getallLineItemResponse": {
            "items": [
                {
                    "id": "number",
                    "expenseReport": "number",
                    "name": "string",
                    "amount": "number",
                    "expenseDate": "string",
                    "categoryObject": {
                        "items": [
                            {
                                "name": "string"
                            }
                        ]
                    }
                }
            ]
        },
        "@decorators.getallLineItemResponse": {
            "endpoint": "getall_LineItem",
            "service": "businessObjects",
            "path": "response"
        },
        "getallExpenseReportResponse3": {
            "items": [
                {
                    "id": "number",
                    "approval": "boolean"
                }
            ]
        },
        "@decorators.getallExpenseReportResponse3": {
            "endpoint": "getall_ExpenseReport",
            "service": "businessObjects",
            "path": "response"
        },
        "getallDepartmentResponse2": {
            "items": [
                {
                    "id": "number",
                    "name": "string",
                    "empCount": "number"
                }
            ]
        },
        "@decorators.getallDepartmentResponse2": {
            "endpoint": "getall_Department",
            "service": "businessObjects",
            "path": "response"
        },
        "getallCountryResponse2": {
            "items": [
                {
                    "id": "number",
                    "name": "string",
                    "expByCountry": "number"
                }
            ]
        },
        "@decorators.getallCountryResponse2": {
            "endpoint": "getall_Country",
            "service": "businessObjects",
            "path": "response"
        },
        "getallLeaveTypeResponse2": {
            "items": [
                {
                    "id": "number",
                    "typeName": "string",
                    "approvedCount": "number"
                }
            ]
        },
        "@decorators.getallLeaveTypeResponse2": {
            "endpoint": "getall_LeaveType",
            "service": "businessObjects",
            "path": "response"
        },
        "getallCountryResponse3": {
            "items": [
                {
                    "id": "number",
                    "name": "string",
                    "expByCountry": "number"
                }
            ]
        },
        "@decorators.getallCountryResponse3": {
            "endpoint": "getall_Country",
            "service": "businessObjects",
            "path": "response"
        },
        "getallLeaveApplicationResponse2": {
            "items": [
                {
                    "id": "number",
                    "createdBy": "string",
                    "period": "string",
                    "comments": "string",
                    "fromDate": "string",
                    "toDate": "string",
                    "leaveType": "number",
                    "approved": "number",
                    "approvedObject": {
                        "items": [
                            {
                                "status": "string"
                            }
                        ]
                    },
                    "leaveTypeObject": {
                        "items": [
                            {
                                "typeName": "string"
                            }
                        ]
                    }
                }
            ]
        },
        "@decorators.getallLeaveApplicationResponse2": {
            "endpoint": "getall_LeaveApplication",
            "service": "businessObjects",
            "path": "response"
        },
        "@decorators.getallTravelRequestResponse2": {
            "endpoint": "getall_TravelRequest",
            "service": "businessObjects",
            "path": "response"
        },
        "getallTravelRequestResponse2": {
            "items": [
                {
                    "id": "number",
                    "createdBy": "string",
                    "travelStartDate": "string",
                    "travelEndDate": "string",
                    "travelDestination": "string",
                    "travelJustification": "string",
                    "approved": "number",
                    "approvedObject": {
                        "items": [
                            {
                                "status": "string"
                            }
                        ]
                    }
                }
            ]
        },
        "getallExpenseReportResponse4": {
            "items": [
                {
                    "id": "number",
                    "createdBy": "string",
                    "name": "string",
                    "startDate": "string",
                    "endDate": "string",
                    "country": "number",
                    "description": "string",
                    "justification": "string",
                    "amount": "number",
                    "exchangeRate": "number",
                    "amountInUSD": "number",
                    "approval": "number",
                    "approvalObject": {
                        "items": [
                            {
                                "status": "string"
                            }
                        ]
                    },
                    "countryObject": {
                        "items": [
                            {
                                "name": "string"
                            }
                        ]
                    }
                }
            ]
        },
        "@decorators.getallExpenseReportResponse4": {
            "endpoint": "getall_ExpenseReport",
            "service": "businessObjects",
            "path": "response"
        },
        "updateTravelRequestRequest2": {
            "id": "number",
            "createdBy": "string",
            "travelStartDate": "string",
            "travelEndDate": "string",
            "travelDestination": "string",
            "travelJustification": "string",
            "approved": "number"
        },
        "@decorators.updateTravelRequestRequest2": {
            "endpoint": "update_TravelRequest",
            "service": "businessObjects",
            "path": "request"
        },
        "getallApprovalResponse": {
            "items": [
                {
                    "id": "number",
                    "status": "string"
                }
            ]
        },
        "@decorators.getallApprovalResponse": {
            "endpoint": "getall_Approval",
            "service": "businessObjects",
            "path": "response"
        },
        "updateLeaveApplicationRequest2": {
            "id": "number",
            "createdBy": "string",
            "period": "string",
            "comments": "string",
            "fromDate": "string",
            "toDate": "string",
            "leaveType": "number",
            "approved": "number"
        },
        "@decorators.updateLeaveApplicationRequest2": {
            "endpoint": "update_LeaveApplication",
            "service": "businessObjects",
            "path": "request"
        },
        "getallApprovalResponse2": {
            "items": [
                {
                    "id": "number",
                    "status": "string"
                }
            ]
        },
        "@decorators.getallApprovalResponse2": {
            "endpoint": "getall_Approval",
            "service": "businessObjects",
            "path": "response"
        },
        "getallLeaveTypeResponse3": {
            "items": [
                {
                    "id": "number",
                    "typeName": "string"
                }
            ]
        },
        "@decorators.getallLeaveTypeResponse3": {
            "endpoint": "getall_LeaveType",
            "service": "businessObjects",
            "path": "response"
        },
        "updateExpenseReportRequest2": {
            "id": "number",
            "createdBy": "string",
            "name": "string",
            "startDate": "string",
            "endDate": "string",
            "country": "number",
            "description": "string",
            "justification": "string",
            "amount": "number",
            "exchangeRate": "number",
            "amountInUSD": "number",
            "approval": "number"
        },
        "@decorators.updateExpenseReportRequest2": {
            "endpoint": "update_ExpenseReport",
            "service": "businessObjects",
            "path": "request"
        },
        "getallApprovalResponse3": {
            "items": [
                {
                    "id": "number",
                    "status": "string"
                }
            ]
        },
        "@decorators.getallApprovalResponse3": {
            "endpoint": "getall_Approval",
            "service": "businessObjects",
            "path": "response"
        },
        "getallCountryResponse4": {
            "items": [
                {
                    "id": "number",
                    "name": "string"
                }
            ]
        },
        "@decorators.getallCountryResponse4": {
            "endpoint": "getall_Country",
            "service": "businessObjects",
            "path": "response"
        },
        "getallLineItemResponse2": {
            "items": [
                {
                    "id": "number",
                    "expenseReport": "number",
                    "name": "string",
                    "amount": "number",
                    "category": "number",
                    "expenseDate": "string"
                }
            ]
        },
        "@decorators.getallLineItemResponse2": {
            "endpoint": "getall_LineItem",
            "service": "businessObjects",
            "path": "response"
        },
        "getallLineItemResponse3": {
            "items": [
                {
                    "id": "number",
                    "createdBy": "string",
                    "expenseReport": "number",
                    "name": "string",
                    "amount": "number",
                    "category": "number",
                    "expenseDate": "string",
                    "categoryObject": {
                        "items": [
                            {
                                "name": "string"
                            }
                        ]
                    },
                    "expenseReportObject": {
                        "items": [
                            {
                                "name": "string"
                            }
                        ]
                    }
                }
            ]
        },
        "@decorators.getallLineItemResponse3": {
            "endpoint": "getall_LineItem",
            "service": "businessObjects",
            "path": "response"
        }
      },
    "variables": {}
}