{
  "pageModelVersion": "18.3.3",
  "title": "My Dashboard",
  "description": "The starting page of the flow",
  "variables": {
    "lineItemListServiceDataProvider": {
      "type": "vb/ServiceDataProvider",
      "defaultValue": {
        "endpoint": "businessObjects/getall_LineItem",
        "idAttribute": "id",
        "itemsPath": "items",
        "responseType": "flow:getallLineItemResponse",
        "filterCriterion": {
          "op": "{{ \"$or\" }}",
          "criteria": [
            {
              "attribute": "{{ \"createdBy\" }}",
              "op": "{{ \"$eq\" }}",
              "value": "{{ $application.user.userId }}"
            }
          ]
        }
      }
    },
    "trackerLineItemListServiceDataProvider": {
      "type": "vb/ServiceDataProvider",
      "defaultValue": {
        "endpoint": "businessObjects/getall_TrackerLineItem",
        "idAttribute": "id",
        "itemsPath": "items",
        "responseType": "flow:getallTrackerLineItemResponse",
        "filterCriterion": {
          "op": "{{ \"$or\" }}",
          "criteria": [
            {
              "attribute": "{{ \"createdBy\" }}",
              "op": "{{ \"$eq\" }}",
              "value": "{{ $application.user.userId }}"
            }
          ]
        }
      }
    },
    "categoryListServiceDataProvider": {
      "type": "vb/ServiceDataProvider",
      "defaultValue": {
        "endpoint": "businessObjects/getall_Category",
        "idAttribute": "id",
        "itemsPath": "items",
        "responseType": "flow:getallCategoryResponse",
        "filterCriterion": {
          "op": "{{ \"$or\" }}",
          "criteria": [
            {
              "attribute": "{{ \"createdBy\" }}",
              "op": "{{ \"$eq\" }}",
              "value": "{{ $application.user.userId }}"
            }
          ]
        }
      }
    },
    "leaveApplicationListServiceDataProvider": {
      "type": "vb/ServiceDataProvider",
      "defaultValue": {
        "endpoint": "businessObjects/getall_LeaveApplication",
        "idAttribute": "id",
        "itemsPath": "items",
        "responseType": "flow:getallLeaveApplicationResponse",
        "filterCriterion": {
          "op": "{{ \"$or\" }}",
          "criteria": [
            {
              "attribute": "{{ \"approved\"}}",
              "op": "{{ \"$eq\" }}",
              "value": "{{ \"1\" }}"
            }
          ]
        },
        "fetchChainId": "getall_LeaveApplicationFetchAction"
      }
    },
    "countLeave": {
      "type": "number"
    },
    "expenseReportListServiceDataProvider": {
      "type": "vb/ServiceDataProvider",
      "defaultValue": {
        "endpoint": "businessObjects/getall_ExpenseReport",
        "idAttribute": "id",
        "itemsPath": "items",
        "responseType": "flow:getallExpenseReportResponse",
        "filterCriterion": {
          "op": "{{ \"$or\" }}",
          "criteria": [
            {
              "attribute": "{{ \"approved\" }}",
              "op": "{{ \"$eq\" }}",
              "value": "{{ \"1\" }}"
            }
          ]
        },
        "fetchChainId": "getall_ExpenseReportFetchAction"
      }
    },
    "travelRequestListServiceDataProvider": {
      "type": "vb/ServiceDataProvider",
      "defaultValue": {
        "endpoint": "businessObjects/getall_TravelRequest",
        "idAttribute": "id",
        "itemsPath": "items",
        "responseType": "flow:getallTravelRequestResponse",
        "filterCriterion": {
          "op": "{{ \"$or\" }}",
          "criteria": [
            {
              "attribute": "{{ \"approved\" }}",
              "op": "{{ \"$eq\" }}",
              "value": "{{ \"1\" }}"
            }
          ]
        },
        "fetchChainId": "getall_TravelRequestFetchAction"
      }
    },
    "countTravel": {
      "type": "number"
    },
    "approvalListServiceDataProvider": {
      "type": "vb/ServiceDataProvider",
      "defaultValue": {
        "endpoint": "businessObjects/getall_Approval",
        "idAttribute": "id",
        "itemsPath": "items",
        "responseType": "flow:getallApprovalResponse"
      }
    },
    "approvalListServiceDataProvider2": {
      "type": "vb/ServiceDataProvider",
      "defaultValue": {
        "endpoint": "businessObjects/getall_Approval",
        "idAttribute": "id",
        "itemsPath": "items",
        "responseType": "flow:getallApprovalResponse2",
        "filterCriterion": {
          "op": "{{ \"$or\" }}",
          "criteria": [
            {
              "attribute": "{{ \"createdBy\" }}",
              "op": "{{ \"$eq\" }}",
              "value": "{{ $application.user.userId }}"
            }
          ]
        }
      }
    },
    "approvalListServiceDataProvider3": {
      "type": "vb/ServiceDataProvider",
      "defaultValue": {
        "endpoint": "businessObjects/getall_Approval",
        "idAttribute": "id",
        "itemsPath": "items",
        "responseType": "flow:getallApprovalResponse3"
      }
    },
    "leaveApplicationListServiceDataProvider2": {
      "type": "vb/ServiceDataProvider",
      "defaultValue": {
        "endpoint": "businessObjects/getall_LeaveApplication",
        "idAttribute": "id",
        "itemsPath": "items",
        "responseType": "flow:getallLeaveApplicationResponse2",
        "filterCriterion": {
          "op": "{{ \"$and\" }}",
          "criteria": [
            {
              "attribute": "{{ \"approved\" }}",
              "op": "{{ \"$eq\" }}",
              "value": "{{ \"1\" }}"
            },
            {
              "attribute": "{{ \"createdby\" }}",
              "op": "{{ \"$eq\" }}",
              "value": "{{ $application.user.userId }}"
            }
          ]
        },
        "fetchChainId": "getall_LeaveApplicationFetchActionFilter"
      },
      "input": "none"
    },
    "countExp": {
      "type": "number"
    },
    "switchExp": {
      "type": "string",
      "defaultValue": "true"
    },
    "switchTrav": {
      "type": "string",
      "defaultValue": "false"
    },
    "switchLeave": {
      "type": "string",
      "defaultValue": "true"
    },
    "leaveTypeListServiceDataProvider": {
      "type": "vb/ServiceDataProvider",
      "defaultValue": {
        "endpoint": "businessObjects/getall_LeaveType",
        "idAttribute": "id",
        "itemsPath": "items",
        "responseType": "flow:getallLeaveTypeResponse"
      }
    },
    "leaveTypeListServiceDataProvider2": {
      "type": "vb/ServiceDataProvider",
      "defaultValue": {
        "endpoint": "businessObjects/getall_LeaveType",
        "idAttribute": "id",
        "itemsPath": "items",
        "responseType": "flow:getallLeaveTypeResponse2"
      }
    },
    "leaveTypeListServiceDataProvider3": {
      "type": "vb/ServiceDataProvider",
      "defaultValue": {
        "endpoint": "businessObjects/getall_LeaveType",
        "idAttribute": "id",
        "itemsPath": "items",
        "responseType": "flow:getallLeaveTypeResponse3"
      }
    },
    "leaveTypeListServiceDataProvider4": {
      "type": "vb/ServiceDataProvider",
      "defaultValue": {
        "endpoint": "businessObjects/getall_LeaveType",
        "idAttribute": "id",
        "itemsPath": "items",
        "responseType": "flow:getallLeaveTypeResponse4"
      }
    }
  },
  "types": {
    "@decorators.getall_TrackerLineItem": {
      "endpoint": "getall_TrackerLineItem",
      "service": "businessObjects",
      "path": "response"
    },
    "getall_TrackerLineItem": {
      "items": [
        {
          "name": "string",
          "date1": "string",
          "description": "string",
          "outcome": "string",
          "nextStep": "string",
          "modeOfOperationObject": {
            "items": [
              {
                "name": "string"
              }
            ]
          }
        }
      ]
    }
  },
  "chains": {
    "getall_LeaveApplicationFetchAction": {
      "root": "callRestEndpoint1",
      "actions": {
        "callRestEndpoint1": {
          "module": "vb/action/builtin/restAction",
          "parameters": {
            "requestType": "json",
            "endpoint": "businessObjects/getall_LeaveApplication",
            "responseType": "flow:getallLeaveApplicationResponse",
            "uriParams": {
              "q": "{{ \"approved = '1' and createdBy ='\" + $application.user.userId +\"'\"}}"
            }
          },
          "outcomes": {
            "success": "assignLeaveCount"
          }
        },
        "return1": {
          "module": "vb/action/builtin/returnAction",
          "parameters": {
            "outcome": "success",
            "payload": "{{ $chain.results.callRestEndpoint1 }}"
          }
        },
        "assignLeaveCount": {
          "module": "vb/action/builtin/assignVariablesAction",
          "outcomes": {
            "success": "return1"
          },
          "parameters": {
            "$page.variables.countLeave": {
              "source": "{{ $chain.results.callRestEndpoint1.body.count }}"
            }
          }
        }
      },
      "variables": {}
    },
    "getall_ExpenseReportFetchAction": {
      "root": "callRestEndpoint1",
      "actions": {
        "callRestEndpoint1": {
          "module": "vb/action/builtin/restAction",
          "parameters": {
            "requestType": "json",
            "endpoint": "businessObjects/getall_ExpenseReport",
            "responseType": "flow:getallExpenseReportResponse",
            "uriParams": {
              "q": "{{ \"approval='1' and createdBy ='\" + $application.user.userId +\"'\" }}"
            }
          },
          "outcomes": {
            "success": "assignExpCount"
          }
        },
        "return1": {
          "module": "vb/action/builtin/returnAction",
          "parameters": {
            "outcome": "success",
            "payload": "{{ $chain.results.callRestEndpoint1 }}"
          }
        },
        "assignExpCount": {
          "module": "vb/action/builtin/assignVariablesAction",
          "outcomes": {
            "success": "return1"
          },
          "parameters": {
            "$page.variables.countExp": {
              "source": "{{ $chain.results.callRestEndpoint1.body.count }}"
            }
          }
        }
      },
      "variables": {}
    },
    "getall_TravelRequestFetchAction": {
      "root": "callRestEndpoint1",
      "actions": {
        "callRestEndpoint1": {
          "module": "vb/action/builtin/restAction",
          "parameters": {
            "requestType": "json",
            "endpoint": "businessObjects/getall_TravelRequest",
            "responseType": "flow:getallTravelRequestResponse",
            "uriParams": {
              "q": "{{ \"approved = '1' and createdBy ='\" + $application.user.userId +\"'\" }}"
            }
          },
          "outcomes": {
            "success": "assignTravelCount"
          }
        },
        "return1": {
          "module": "vb/action/builtin/returnAction",
          "parameters": {
            "outcome": "success",
            "payload": "{{ $chain.results.callRestEndpoint1 }}"
          }
        },
        "assignTravelCount": {
          "module": "vb/action/builtin/assignVariablesAction",
          "outcomes": {
            "success": "return1"
          },
          "parameters": {
            "$page.variables.countTravel": {
              "source": "{{ $chain.results.callRestEndpoint1.body.count }}"
            }
          }
        }
      },
      "variables": {}
    },
    "SwitchExpense": {
      "description": "",
      "variables": {
        "value": {
          "required": true,
          "type": "any",
          "input": "fromCaller"
        }
      },
      "root": "assignExpSwitch",
      "actions": {
        "assignExpSwitch": {
          "module": "vb/action/builtin/assignVariablesAction",
          "parameters": {
            "$page.variables.switchExp": {
              "source": "{{ $chain.variables.value }}"
            }
          }
        }
      }
    },
    "SwitchTravel": {
      "description": "",
      "variables": {
        "value": {
          "required": true,
          "type": "any",
          "input": "fromCaller"
        }
      },
      "root": "assignTravelSwitch",
      "actions": {
        "assignTravelSwitch": {
          "module": "vb/action/builtin/assignVariablesAction",
          "parameters": {
            "$page.variables.switchTrav": {
              "source": "{{ $chain.variables.value }}"
            }
          }
        }
      }
    },
    "SwitchLeave": {
      "description": "",
      "variables": {
        "value": {
          "required": true,
          "type": "any",
          "input": "fromCaller"
        }
      },
      "root": "assignLeaveSwitch",
      "actions": {
        "assignLeaveSwitch": {
          "module": "vb/action/builtin/assignVariablesAction",
          "parameters": {
            "$page.variables.switchLeave": {
              "source": "{{ $chain.variables.value }}"
            }
          }
        }
      }
    },
    "ImageClickAction": {
      "description": "",
      "variables": {
        "detail": {
          "required": true,
          "type": "any",
          "input": "fromCaller"
        }
      },
      "root": "navigateToPage1",
      "actions": {
        "navigateToPage1": {
          "module": "vb/action/builtin/navigateToPageAction",
          "parameters": {
            "history": "push"
          }
        }
      }
    }
  },
  "eventListeners": {
    "vbEnter": {
      "chains": [
        {
          "chainId": "getall_LeaveApplicationFetchAction",
          "parameters": {}
        },
        {
          "chainId": "getall_ExpenseReportFetchAction",
          "parameters": {}
        },
        {
          "chainId": "getall_TravelRequestFetchAction",
          "parameters": {}
        }
      ]
    },
    "ojSwitch16392399741Value": {
      "chains": [
        {
          "chainId": "SwitchLeave",
          "parameters": {
            "value": "{{ $event.detail.value }}"
          }
        }
      ]
    },
    "ojSwitch16392399742Value": {
      "chains": [
        {
          "chainId": "SwitchExpense",
          "parameters": {
            "value": "{{ $event.detail.value }}"
          }
        }
      ]
    },
    "ojSwitch16392399743Value": {
      "chains": [
        {
          "chainId": "SwitchTravel",
          "parameters": {
            "value": "{{ $event.detail.value }}"
          }
        }
      ]
    },
    "img16392399744Click": {
      "chains": [
        {
          "chainId": "ImageClickAction",
          "parameters": {
            "detail": "{{ $event.detail }}"
          }
        }
      ]
    }
  },
  "imports": {
    "components": {
      "oj-label": {
        "path": "ojs/ojlabel"
      },
      "oj-chart": {
        "path": "ojs/ojchart"
      },
      "oj-table": {
        "path": "ojs/ojtable"
      },
      "oj-led-gauge": {
        "path": "ojs/ojgauge"
      },
      "oj-list-view": {
        "path": "ojs/ojlistview"
      },
      "oj-vb-list-item": {
        "path": "vb/components/list-item/loader"
      },
      "oj-button": {
        "path": "ojs/ojbutton"
      },
      "oj-switch": {
        "path": "ojs/ojswitch"
      },
      "oj-input-text": {
        "path": "ojs/ojinputtext"
      },
      "oj-avatar": {
        "path": "ojs/ojavatar"
      },
      "oj-film-strip": {
        "path": "ojs/ojfilmstrip"
      },
      "oj-text-area": {
        "path": "ojs/ojinputtext"
      }
    }
  },
  "translations": {
    "CafeSupremoHR": {
      "path": "./resources/strings/CafeSupremoHR/nls/CafeSupremoHR-strings"
    }
  }
}