{
    "fields": [
        {
            "id": "id",
            "internal": true,
            "key": true,
            "oid": "3cfb0d5c-b113-41e6-b937-90ae1999f51b",
            "required": true,
            "singularName": "Id",
            "type": "number",
            "unique": true
        },
        {
            "id": "creationDate",
            "internal": true,
            "oid": "60877d19-628f-42b2-9bc9-4ded89208101",
            "singularName": "Created",
            "type": "datetime"
        },
        {
            "id": "lastUpdateDate",
            "internal": true,
            "oid": "f072a6a1-d7f3-4978-a27d-ea2785a33472",
            "singularName": "Last Updated",
            "type": "datetime"
        },
        {
            "id": "createdBy",
            "internal": true,
            "oid": "ec82aee7-eea1-430f-b624-aba66db29ad0",
            "singularName": "Created By",
            "type": "string"
        },
        {
            "id": "lastUpdatedBy",
            "internal": true,
            "oid": "85ddd3ef-cb14-4e82-aec5-81a08181bae4",
            "singularName": "Last Updated By",
            "type": "string"
        },
        {
            "hidden": true,
            "id": "abcsChangeNumber",
            "internal": true,
            "oid": "b0ab8f2d-f6fd-4e45-8965-9d7a1261f3c0",
            "singularName": "<internal>",
            "type": "number"
        },
        {
            "id": "title",
            "oid": "fe8f9368-266c-46ef-82d0-454ae3b1146a",
            "singularName": "Title",
            "type": "string"
        }
    ],
    "id": "JobTitle",
    "oid": "7d90225f-65cb-4b98-9ef0-1ec8b4e7ffc8",
    "singularName": "JobTitle",
    "setupData": true
}