{
    "fields": [
        {
            "id": "id",
            "internal": true,
            "key": true,
            "oid": "15b87a0b-289a-4de5-8eab-ecf5bae5bef6",
            "required": true,
            "singularName": "Id",
            "type": "number",
            "unique": true
        },
        {
            "id": "creationDate",
            "internal": true,
            "oid": "ffeb2105-c24e-49af-ad23-8258911a9e6e",
            "singularName": "Created",
            "type": "datetime"
        },
        {
            "id": "lastUpdateDate",
            "internal": true,
            "oid": "f4fef79a-5e3e-4cc2-82ee-b0832904c9b2",
            "singularName": "Last Updated",
            "type": "datetime"
        },
        {
            "id": "createdBy",
            "internal": true,
            "oid": "bd739914-d7d2-4c11-b58e-a99f8e023e05",
            "singularName": "Created By",
            "type": "string"
        },
        {
            "id": "lastUpdatedBy",
            "internal": true,
            "oid": "00058be5-1e20-4ed4-a9d6-c35f28adfbfd",
            "singularName": "Last Updated By",
            "type": "string"
        },
        {
            "hidden": true,
            "id": "abcsChangeNumber",
            "internal": true,
            "oid": "3c96e483-a541-42b1-84e7-bea4396ffa97",
            "singularName": "<internal>",
            "type": "number"
        },
        {
            "id": "travelStartDate",
            "oid": "aa3577e4-d3a5-4822-b586-135b862cf602",
            "singularName": "Travel Start Date",
            "type": "date"
        },
        {
            "id": "travelEndDate",
            "oid": "c1755c5c-3040-4464-8093-e0c7957ebda8",
            "singularName": "Travel End Date",
            "type": "date"
        },
        {
            "id": "travelDestination",
            "oid": "59277670-03c5-45ac-840f-ab0256603429",
            "singularName": "Travel Destination",
            "type": "string"
        },
        {
            "id": "travelJustification",
            "oid": "6ce0e937-53c7-4295-accb-a67264fbce0a",
            "singularName": "Travel Justification",
            "type": "string"
        },
        {
            "id": "approved",
            "oid": "08504bbd-d4bc-4596-8ee6-cb5c56c6281d",
            "singularName": "Approved",
            "type": "reference"
        }
    ],
    "id": "TravelRequest",
    "oid": "1575ee20-a57e-4e28-b7b0-8a2372815e3e",
    "singularName": "TravelRequest",
    "relations": [
        {
            "accessorId": "approvedObject",
            "cardinality": "manyToOne",
            "defaultDisplayFieldId": "status",
            "deleteRule": "restrict",
            "mappingFieldId": "approved",
            "sourceEntityId": "TravelRequest",
            "targetEntityId": "Approval"
        }
    ]
}