id,creationDate,lastUpdateDate,createdBy,lastUpdatedBy,travelStartDate,travelEndDate,travelDestination,travelJustification,approved
1,2018-08-12T09:29:57,2018-08-29T02:18:54,vbcs.demo,rodney.sowirono@oracle.com,2018-08-20,2018-08-24,Hong Kong,"Conducting Cloud Test Drive 3.0 for the following UC customers, IBS and Sundaram.",1
2,2018-08-13T08:48:55,2018-08-29T02:58:09,vbcs.demo,rodney.sowirono@oracle.com,2018-08-27,2018-08-31,Malaysia ,VBCS Customer demo,2
3,2018-08-14T10:24:06,2018-08-29T02:19:10,vbcs.demo,rodney.sowirono@oracle.com,2018-08-14,2018-08-14,Amsterdam,Meeting Parents,1
4,2018-08-14T10:28:59,2018-08-31T06:18:52,vbcs.demo,rodney.sowirono@oracle.com,2018-08-14,2018-08-14,Netherlands,Visit parents,2
5,2018-08-14T10:35:47,2018-08-29T03:39:55,vbcs.demo,rodney.sowirono@oracle.com,2018-08-14,2018-08-14,Barcelona,For fun,3
7,2018-08-29T05:01:12,2018-08-29T15:00:45,vbcs.demo,rodney.sowirono@oracle.com,2018-08-30,2018-08-31,Saigon,None,2
