{
    "flowModelVersion": "18.3.3",
    "id": "leave",
    "description": "Flow main",
    "defaultPage": "leave-start",
    "chains": {},
    "services": {},
    "types": {
        "getallLeaveApplicationResponse": {
            "items": [
                {
                    "id": "number",
                    "period": "string",
                    "comments": "string",
                    "fromDate": "string",
                    "toDate": "string",
                    "approved": "number",
                    "approvedObject": {
                        "items": [
                            {
                                "status": "string"
                            }
                        ]
                    },
                    "leaveTypeObject": {
                        "items": [
                            {
                                "typeName": "string"
                            }
                        ]
                    }
                }
            ]
        },
        "@decorators.getallLeaveApplicationResponse": {
            "endpoint": "getall_LeaveApplication",
            "service": "businessObjects",
            "path": "response"
        },
        "@decorators.createLeaveApplicationRequest": {
            "endpoint": "create_LeaveApplication",
            "service": "businessObjects",
            "path": "request"
        },
        "businessObjectServiceErrorResponseType": {
            "body": {
                "status": "string",
                "title": "string",
                "o_errorDetails": [
                    {
                        "detail": "string",
                        "o_errorCode": "string"
                    }
                ]
            },
            "status": "number"
        },
        "getallLeaveTypeResponse": {
            "items": [
                {
                    "id": "number",
                    "typeName": "string"
                }
            ]
        },
        "@decorators.getallLeaveTypeResponse": {
            "endpoint": "getall_LeaveType",
            "service": "businessObjects",
            "path": "response"
        },
        "updateLeaveApplicationRequest": {
            "period": "string",
            "comments": "string",
            "fromDate": "string",
            "toDate": "string",
            "leaveType": "number",
            "approved": "number"
        },
        "@decorators.updateLeaveApplicationRequest": {
            "endpoint": "update_LeaveApplication",
            "service": "businessObjects",
            "path": "request"
        },
        "createLeaveApplicationRequest": {
            "period": "string",
            "comments": "string",
            "fromDate": "string",
            "toDate": "string",
            "leaveType": "number",
            "approved": "number"
        }
      },
    "variables": {}
}