id,creationDate,lastUpdateDate,createdBy,lastUpdatedBy,customer,contact,dealSize,fRCM,targetClosing,travelRequest
1,2018-08-13T08:48:02,2018-08-13T08:48:02.011,rodney.sowirono@oracle.com,rodney.sowirono@oracle.com,TM,Rodney,100000.0,FCRM12345,FY19Q2,1
2,2018-08-14T08:15:11,2018-08-14T09:18:31,rodney.sowirono@oracle.com,rodney.sowirono@oracle.com,Stanchard,Rodney,12.0,FCRM1234,Q1FY19,2
3,2018-08-14T09:00:12,2018-08-14T09:19:17,rodney.sowirono@oracle.com,rodney.sowirono@oracle.com,Barry,Barry,10000.0,FCRM123456,Q1FY19,2
4,2018-08-14T10:30:25,2018-08-14T10:30:25.009,rodney.sowirono@oracle.com,rodney.sowirono@oracle.com,Mum,Dad,1.0,12,FY19,4
5,2018-08-29T04:17:50,2018-08-29T04:17:50.017,rodney.sowirono@oracle.com,rodney.sowirono@oracle.com,Achme,Achme,100.0,111,q1,3
