{
    "fields": [
        {
            "id": "id",
            "internal": true,
            "key": true,
            "oid": "43ef451c-307f-43e8-b9cf-ed41905dd826",
            "required": true,
            "singularName": "Id",
            "type": "number",
            "unique": true
        },
        {
            "id": "creationDate",
            "internal": true,
            "oid": "df817df0-f188-4850-8d10-49b7cebc33cf",
            "singularName": "Created",
            "type": "datetime"
        },
        {
            "id": "lastUpdateDate",
            "internal": true,
            "oid": "7a5d3dd7-1ac2-4e33-9b1c-a71089553d15",
            "singularName": "Last Updated",
            "type": "datetime"
        },
        {
            "id": "createdBy",
            "internal": true,
            "oid": "3e59a062-5e95-419f-a3de-2e660921094d",
            "singularName": "Created By",
            "type": "string"
        },
        {
            "id": "lastUpdatedBy",
            "internal": true,
            "oid": "f2f06d0b-b99f-4003-a6aa-6ea7d9ad768e",
            "singularName": "Last Updated By",
            "type": "string"
        },
        {
            "hidden": true,
            "id": "abcsChangeNumber",
            "internal": true,
            "oid": "34700fc2-dc5c-4ec5-8c4a-ddeccb12000d",
            "singularName": "<internal>",
            "type": "number"
        },
        {
            "id": "customer",
            "oid": "2f756db2-7f4e-4c62-98b5-3c1d7d5098e6",
            "singularName": "Customer",
            "type": "string"
        },
        {
            "id": "contact",
            "oid": "3140fb1c-95e8-418e-8a6c-38aee788318a",
            "singularName": "Contact",
            "type": "string"
        },
        {
            "id": "dealSize",
            "oid": "3318df0f-12a7-4587-b499-3a7a75afb32e",
            "singularName": "Deal Size",
            "type": "number"
        },
        {
            "id": "fRCM",
            "oid": "42db3421-95ae-49f1-aa1b-f1b4c781b4ac",
            "singularName": "FRCM",
            "type": "string"
        },
        {
            "id": "targetClosing",
            "oid": "1c9e348d-bced-4551-9033-b53cf2640761",
            "singularName": "Target Closing",
            "type": "string"
        },
        {
            "id": "travelRequest",
            "oid": "3e1c5280-03c2-41cf-a555-c5f24c0563cf",
            "required": true,
            "singularName": "Travel Request",
            "type": "reference",
            "unique": false
        }
    ],
    "id": "Meetings",
    "oid": "684d373b-98ec-4c31-b919-e80eea3392cb",
    "singularName": "Meetings",
    "relations": [
        {
            "accessorId": "travelRequestObject",
            "cardinality": "manyToOne",
            "defaultDisplayFieldId": "id",
            "deleteRule": "cascade",
            "mappingFieldId": "travelRequest",
            "derivedRelationInfoMap": {
                "$reverse": {
                    "accessorId": "meetingsCollection"
                }
            },
            "sourceEntityId": "Meetings",
            "targetEntityId": "TravelRequest"
        }
    ]
}