{
    "flowModelVersion": "18.3.3",
    "id": "main",
    "description": "Flow main",
    "defaultPage": "main-start",
    "chains": {},
    "services": {},
    "types": {
        "getallEmployeeResponse": {
            "items": [
                {
                    "id": "number",
                    "name": "string",
                    "hireDate": "string",
                    "email": "string",
                    "departmentObject": {
                        "items": [
                            {
                                "name": "string"
                            }
                        ]
                    }
                }
            ]
        },
        "@decorators.getallEmployeeResponse": {
            "endpoint": "getall_Employee",
            "service": "businessObjects",
            "path": "response"
        },
        "createEmployeeRequest": {
            "name": "string",
            "department": "number",
            "hireDate": "string",
            "email": "string"
        },
        "@decorators.createEmployeeRequest": {
            "endpoint": "create_Employee",
            "service": "businessObjects",
            "path": "request"
        },
        "businessObjectServiceErrorResponseType": {
            "body": {
                "status": "string",
                "title": "string",
                "o_errorDetails": [
                    {
                        "detail": "string",
                        "o_errorCode": "string"
                    }
                ]
            },
            "status": "number"
        },
        "getallDepartmentResponse": {
            "items": [
                {
                    "id": "number",
                    "name": "string"
                }
            ]
        },
        "@decorators.getallDepartmentResponse": {
            "endpoint": "getall_Department",
            "service": "businessObjects",
            "path": "response"
        },
        "updateEmployeeRequest": {
            "name": "string",
            "department": "number",
            "hireDate": "string",
            "email": "string"
        },
        "@decorators.updateEmployeeRequest": {
            "endpoint": "update_Employee",
            "service": "businessObjects",
            "path": "request"
        },
        "getallDepartmentResponse2": {
            "items": [
                {
                    "id": "number",
                    "name": "string"
                }
            ]
        },
        "@decorators.getallDepartmentResponse2": {
            "endpoint": "getall_Department",
            "service": "businessObjects",
            "path": "response"
        },
        "getallDepartmentResponse3": {
            "items": [
                {
                    "id": "number",
                    "name": "string",
                    "emplByDep": "number"
                }
            ]
        },
        "@decorators.getallDepartmentResponse3": {
            "endpoint": "getall_Department",
            "service": "businessObjects",
            "path": "response"
        }
      },
    "variables": {}
}