{
    "fields": [
        {
            "hidden": false,
            "id": "id",
            "internal": true,
            "key": true,
            "oid": "9d02cdaf-0588-4c36-a9bf-2838ffdf3336",
            "required": true,
            "singularName": "Id",
            "type": "number",
            "unique": true
        },
        {
            "hidden": false,
            "id": "creationDate",
            "internal": true,
            "key": false,
            "oid": "76351a48-c3e8-4d20-ad37-ada10a8a1b2c",
            "singularName": "Creation Date",
            "type": "datetime"
        },
        {
            "hidden": false,
            "id": "lastUpdateDate",
            "internal": true,
            "key": false,
            "oid": "59dc4592-55c8-48c7-b450-a4eb5bc47281",
            "singularName": "Last Update Date",
            "type": "datetime"
        },
        {
            "hidden": false,
            "id": "createdBy",
            "internal": true,
            "key": false,
            "oid": "1908c68e-e41e-414f-9bc7-f4de3f23cab3",
            "singularName": "Created By",
            "type": "string"
        },
        {
            "hidden": false,
            "id": "lastUpdatedBy",
            "internal": true,
            "key": false,
            "oid": "036f6a7b-cd2e-4c0c-b948-9ce849fff1cb",
            "singularName": "Last Updated By",
            "type": "string"
        },
        {
            "hidden": true,
            "id": "abcsChangeNumber",
            "internal": true,
            "key": false,
            "oid": "53a83946-ccde-42cd-8a2f-ad94b732de32",
            "singularName": "Update ID",
            "type": "number"
        },
        {
            "id": "name",
            "oid": "9185ca07-707a-42d4-9391-ecdbe55b7591",
            "singularName": "Name",
            "type": "string"
        },
        {
            "id": "startDate",
            "oid": "fceffc2d-c959-4c2d-919b-bcee48321ec2",
            "singularName": "Start Date",
            "type": "date"
        },
        {
            "id": "endDate",
            "oid": "bf7f5282-6dea-4fb2-8ac6-90a5946d6e3e",
            "singularName": "End Date",
            "type": "date"
        },
        {
            "id": "country",
            "oid": "0e91eedc-ed7c-42f9-9111-cd78780f569f",
            "singularName": "Country",
            "type": "reference"
        },
        {
            "id": "description",
            "oid": "8564dc3b-e16f-4e04-9f6a-d671771b688a",
            "singularName": "Description",
            "type": "string"
        },
        {
            "id": "justification",
            "oid": "3a038e70-9528-4e0f-8644-aa0738f40c4e",
            "singularName": "Justification",
            "type": "string"
        },
        {
            "id": "amount",
            "oid": "1aaab8dc-89ad-4600-8f85-f7ae7b0b69e9",
            "singularName": "Amount",
            "type": "number"
        },
        {
            "id": "exchangeRate",
            "oid": "200bdc0f-326c-4e59-ba92-dd326d13fd10",
            "singularName": "Exchange Rate",
            "type": "number"
        },
        {
            "id": "amountInUSD",
            "oid": "1be3b5ab-6b49-46af-92f3-2fa005183ef0",
            "updatable": true,
            "singularName": "Amount in USD",
            "type": "number"
        },
        {
            "id": "approval",
            "oid": "af564204-b9af-430e-aa80-cf65d89841b2",
            "singularName": "Approval",
            "type": "reference"
        }
    ],
    "hidden": false,
    "id": "ExpenseReport",
    "oid": "0da2071d-2746-4dec-b994-fef0b014d1c3",
    "relations": [
        {
            "accessorId": "countryObject",
            "cardinality": "manyToOne",
            "defaultDisplayFieldId": "name",
            "deleteRule": "restrict",
            "mappingFieldId": "country",
            "sourceEntityId": "ExpenseReport",
            "targetEntityId": "Country"
        },
        {
            "accessorId": "approvalObject",
            "cardinality": "manyToOne",
            "defaultDisplayFieldId": "status",
            "deleteRule": "restrict",
            "mappingFieldId": "approval",
            "sourceEntityId": "ExpenseReport",
            "targetEntityId": "Approval"
        }
    ],
    "singularName": "Expense Report"
}