id,creationDate,lastUpdateDate,createdBy,lastUpdatedBy,name,startDate,endDate,country,description,justification,amount,exchangeRate,amountInUSD,approval
2,2018-08-10T10:30:20,2018-08-29T03:41:03,rodney.sowirono@oracle.com,rodney.sowirono@oracle.com,Expenses August 2018,2018-08-01,2018-08-31,1,General Expenses,No Justification required,200.0,1.0,,2
3,2018-08-10T10:45:06,2018-08-29T03:36:12,rodney.sowirono@oracle.com,rodney.sowirono@oracle.com,Expense July 2018,2018-07-01,2018-08-31,1,No Description,No justification required,50.0,1.0,,2
4,2018-08-17T08:56:54,2018-08-29T15:11:29,rodney.sowirono@oracle.com,rodney.sowirono@oracle.com,OOW18,2018-10-01,2018-10-31,3,Oracle Open World 2018,Not required,2000.0,1.0,,2
5,2018-08-29T04:43:24,2018-08-29T04:49:10,rodney.sowirono@oracle.com,rodney.sowirono@oracle.com,August Expenses 2018,2018-08-01,2018-08-31,1,No details available yet,Not required,2000.0,1.0,,1
6,2018-08-29T04:55:16,2018-08-29T04:55:16.01,rodney.sowirono@oracle.com,rodney.sowirono@oracle.com,Expenses Coffee Event 2018,2018-08-24,2018-08-26,1,Coffee Supremo Marketing Event,None,1.0,1.0,,1
