{
    "fields": [
        {
            "id": "id",
            "internal": true,
            "key": true,
            "oid": "d9d40ecf-63f9-45c2-a09b-cac5d7e893ab",
            "required": true,
            "singularName": "Id",
            "type": "number",
            "unique": true
        },
        {
            "id": "creationDate",
            "internal": true,
            "oid": "d14c834a-30d1-481b-9177-dc98847daa3d",
            "singularName": "Created",
            "type": "datetime"
        },
        {
            "id": "lastUpdateDate",
            "internal": true,
            "oid": "2e9ea295-ed0f-4924-a84e-a80032394a42",
            "singularName": "Last Updated",
            "type": "datetime"
        },
        {
            "id": "createdBy",
            "internal": true,
            "oid": "2d0c1728-e64b-421d-9791-f764a6bdd11f",
            "singularName": "Created By",
            "type": "string"
        },
        {
            "id": "lastUpdatedBy",
            "internal": true,
            "oid": "74c978f6-8d66-489e-9f77-a779520fe3ff",
            "singularName": "Last Updated By",
            "type": "string"
        },
        {
            "hidden": true,
            "id": "abcsChangeNumber",
            "internal": true,
            "oid": "b6e706ac-1a8a-4ac7-b4fa-61512706a070",
            "singularName": "<internal>",
            "type": "number"
        },
        {
            "id": "period",
            "oid": "cfe31b31-faa5-4fb5-90e9-7ed0a88f3081",
            "singularName": "Period",
            "type": "string"
        },
        {
            "id": "comments",
            "oid": "929039f2-8e6e-4665-8aab-98fdf3cca221",
            "singularName": "Comments",
            "type": "string"
        },
        {
            "id": "fromDate",
            "oid": "99d5a67e-6f6c-49ff-a1bb-53905c4e7341",
            "singularName": "From Date",
            "type": "date"
        },
        {
            "id": "toDate",
            "oid": "97ca6223-0629-428f-8aa6-cb633c06c9b7",
            "singularName": "To Date",
            "type": "date"
        },
        {
            "id": "leaveType",
            "oid": "4a2c7829-2cf4-4ab7-b3f7-ac41d0255c78",
            "singularName": "Leave Type",
            "type": "reference",
            "unique": false
        },
        {
            "id": "approved",
            "oid": "a44093f6-e8b1-4f50-8dbc-8c7737f8ba05",
            "singularName": "Approved",
            "type": "reference"
        }
    ],
    "id": "LeaveApplication",
    "oid": "be8c96ef-dd5b-41a6-b4b5-0f922820a6bb",
    "singularName": "LeaveApplication",
    "relations": [
        {
            "accessorId": "leaveTypeObject",
            "cardinality": "manyToOne",
            "defaultDisplayFieldId": "typeName",
            "deleteRule": "restrict",
            "mappingFieldId": "leaveType",
            "sourceEntityId": "LeaveApplication",
            "targetEntityId": "LeaveType"
        },
        {
            "accessorId": "approvedObject",
            "cardinality": "manyToOne",
            "defaultDisplayFieldId": "status",
            "deleteRule": "restrict",
            "mappingFieldId": "approved",
            "sourceEntityId": "LeaveApplication",
            "targetEntityId": "Approval"
        }
    ]
}