id,creationDate,lastUpdateDate,createdBy,lastUpdatedBy,period,comments,fromDate,toDate,leaveType,approved
1,2018-08-12T18:10:00,2018-08-29T15:01:55,vbcs.demo,rodney.sowirono@oracle.com,May,Test leave application,2018-08-13,2018-08-17,1,2
2,2018-08-13T08:30:50,2018-08-28T10:15:00,vbcs.demo,rodney.sowirono@oracle.com,June,No Comments,2018-08-15,2018-08-17,2,3
3,2018-08-16T05:23:43,2018-08-28T10:15:12,vbcs.demo,rodney.sowirono@oracle.com,July,No Comments,2018-12-01,2018-12-31,6,1
4,2018-08-17T10:02:39,2018-08-28T10:15:20,vbcs.demo,rodney.sowirono@oracle.com,August,No Comments,2018-08-17,2018-08-25,8,2
5,2018-08-17T10:03:35,2018-08-28T10:28:51,vbcs.demo,rodney.sowirono@oracle.com,September,No comments,2018-09-04,2018-09-13,1,1
6,2018-08-19T08:34:29,2018-08-28T10:29:00,vbcs.demo,rodney.sowirono@oracle.com,October,No comments,2018-09-04,2018-09-13,7,1
7,2018-08-19T08:34:40,2018-08-28T10:29:08,vbcs.demo,rodney.sowirono@oracle.com,November,No comments,2018-09-04,2018-09-13,5,1
8,2018-08-19T08:34:52,2018-08-28T10:30:55,vbcs.demo,rodney.sowirono@oracle.com,December,No comments,2018-09-04,2018-09-13,2,1
10,2018-08-19T08:35:13,2018-08-28T10:31:13,vbcs.demo,rodney.sowirono@oracle.com,January,No comments,2018-09-04,2018-09-13,4,1
11,2018-08-24T01:36:05,2018-08-28T10:31:21,vbcs.demo,rodney.sowirono@oracle.com,December,I will like to take 5 days annual leave,2018-12-03,2018-12-07,10,1
12,2018-08-24T04:42:09,2018-08-28T10:31:30,vbcs.demo,rodney.sowirono@oracle.com,November,Vacation,2018-11-12,2018-11-16,10,1
13,2018-08-29T05:48:49,2018-08-29T05:48:49.01,vbcs.demo,rodney.sowirono@oracle.com,December,Pinda,2018-08-30,2018-08-31,6,1
14,2018-11-26T06:16:20,2018-11-26T06:18:02,vbcs.demo,vbcs.demo,Dec 5th to Dec 10th,I have family vacation plan,2018-12-05,2018-12-10,10,2
15,2018-11-26T09:24:58,2018-11-26T09:26:20,vbcs.demo,vbcs.demo,Dec 10th - 15th,I want to have vacation,2018-12-10,2018-12-15,10,2
