{
    "flowModelVersion": "18.3.3",
    "id": "main",
    "description": "Flow main",
    "defaultPage": "main-start",
    "chains": {},
    "services": {},
    "types": {
        "getallLineItemResponse": {
            "totalResults": "number",
            "count": "number",
            "hasMore": "boolean",
            "limit": "number",
            "offset": "number",
            "links": [
                {
                    "href": "string",
                    "rel": "string",
                    "properties": {
                        "changeIndicator": "string"
                    }
                }
            ],
            "items": [
                {
                    "links": [
                        {
                            "href": "string",
                            "rel": "string",
                            "properties": {
                                "changeIndicator": "string"
                            }
                        }
                    ],
                    "id": "number",
                    "creationDate": "string",
                    "lastUpdateDate": "string",
                    "createdBy": "string",
                    "lastUpdatedBy": "string",
                    "expenseReport": "number",
                    "name": "string",
                    "amount": "number",
                    "category": "number",
                    "expenseDate": "string",
                    "categoryObject": {
                        "totalResults": "number",
                        "count": "number",
                        "hasMore": "boolean",
                        "limit": "number",
                        "offset": "number",
                        "links": [
                            {
                                "href": "string",
                                "rel": "string",
                                "properties": {
                                    "changeIndicator": "string"
                                }
                            }
                        ],
                        "items": [
                            {
                                "links": [
                                    {
                                        "href": "string",
                                        "rel": "string",
                                        "properties": {
                                            "changeIndicator": "string"
                                        }
                                    }
                                ],
                                "id": "number",
                                "creationDate": "string",
                                "lastUpdateDate": "string",
                                "createdBy": "string",
                                "lastUpdatedBy": "string",
                                "name": "string"
                            }
                        ]
                    },
                    "expenseReportObject": {
                        "totalResults": "number",
                        "count": "number",
                        "hasMore": "boolean",
                        "limit": "number",
                        "offset": "number",
                        "links": [
                            {
                                "href": "string",
                                "rel": "string",
                                "properties": {
                                    "changeIndicator": "string"
                                }
                            }
                        ],
                        "items": [
                            {
                                "links": [
                                    {
                                        "href": "string",
                                        "rel": "string",
                                        "properties": {
                                            "changeIndicator": "string"
                                        }
                                    }
                                ],
                                "id": "number",
                                "creationDate": "string",
                                "lastUpdateDate": "string",
                                "createdBy": "string",
                                "lastUpdatedBy": "string",
                                "name": "string",
                                "startDate": "string",
                                "endDate": "string",
                                "country": "number",
                                "description": "string",
                                "justification": "string",
                                "amount": "number",
                                "exchangeRate": "number",
                                "amountInUSD": "number",
                                "countryObject": {
                                    "totalResults": "number",
                                    "count": "number",
                                    "hasMore": "boolean",
                                    "limit": "number",
                                    "offset": "number",
                                    "links": [
                                        {
                                            "href": "string",
                                            "rel": "string",
                                            "properties": {
                                                "changeIndicator": "string"
                                            }
                                        }
                                    ],
                                    "items": [
                                        {
                                            "links": [
                                                {
                                                    "href": "string",
                                                    "rel": "string",
                                                    "properties": {
                                                        "changeIndicator": "string"
                                                    }
                                                }
                                            ],
                                            "id": "number",
                                            "creationDate": "string",
                                            "lastUpdateDate": "string",
                                            "createdBy": "string",
                                            "lastUpdatedBy": "string",
                                            "name": "string",
                                            "currency": "string",
                                            "code": "string"
                                        }
                                    ]
                                }
                            }
                        ]
                    }
                }
            ]
        },
        "@decorators.getallLineItemResponse": {
            "endpoint": "getall_LineItem",
            "service": "businessObjects",
            "path": "response"
        },
        "getallTrackerLineItemResponse": {
            "totalResults": "number",
            "count": "number",
            "hasMore": "boolean",
            "limit": "number",
            "offset": "number",
            "links": [
                {
                    "href": "string",
                    "rel": "string",
                    "properties": {
                        "changeIndicator": "string"
                    }
                }
            ],
            "items": [
                {
                    "links": [
                        {
                            "href": "string",
                            "rel": "string",
                            "properties": {
                                "changeIndicator": "string"
                            }
                        }
                    ],
                    "id": "number",
                    "creationDate": "string",
                    "lastUpdateDate": "string",
                    "createdBy": "string",
                    "lastUpdatedBy": "string",
                    "name": "string",
                    "date1": "string",
                    "activityTracker": "number",
                    "modeOfOperation": "number",
                    "description": "string",
                    "outcome": "string",
                    "nextStep": "string",
                    "activityTrackerObject": {
                        "totalResults": "number",
                        "count": "number",
                        "hasMore": "boolean",
                        "limit": "number",
                        "offset": "number",
                        "links": [
                            {
                                "href": "string",
                                "rel": "string",
                                "properties": {
                                    "changeIndicator": "string"
                                }
                            }
                        ],
                        "items": [
                            {
                                "links": [
                                    {
                                        "href": "string",
                                        "rel": "string",
                                        "properties": {
                                            "changeIndicator": "string"
                                        }
                                    }
                                ],
                                "id": "number",
                                "creationDate": "string",
                                "lastUpdateDate": "string",
                                "createdBy": "string",
                                "lastUpdatedBy": "string",
                                "name": "string",
                                "trackerDate": "string",
                                "periodFrom": "string",
                                "periodTill": "string"
                            }
                        ]
                    },
                    "modeOfOperationObject": {
                        "totalResults": "number",
                        "count": "number",
                        "hasMore": "boolean",
                        "limit": "number",
                        "offset": "number",
                        "links": [
                            {
                                "href": "string",
                                "rel": "string",
                                "properties": {
                                    "changeIndicator": "string"
                                }
                            }
                        ],
                        "items": [
                            {
                                "links": [
                                    {
                                        "href": "string",
                                        "rel": "string",
                                        "properties": {
                                            "changeIndicator": "string"
                                        }
                                    }
                                ],
                                "id": "number",
                                "creationDate": "string",
                                "lastUpdateDate": "string",
                                "createdBy": "string",
                                "lastUpdatedBy": "string",
                                "name": "string",
                                "description": "string"
                            }
                        ]
                    }
                }
            ]
        },
        "@decorators.getallTrackerLineItemResponse": {
            "endpoint": "getall_TrackerLineItem",
            "service": "businessObjects",
            "path": "response"
        },
        "getallCategoryResponse": {
            "items": [
                {
                    "id": "number",
                    "name": "string",
                    "expByType": "number"
                }
            ]
        },
        "@decorators.getallCategoryResponse": {
            "endpoint": "getall_Category",
            "service": "businessObjects",
            "path": "response"
        },
        "@decorators.getallLeaveApplicationResponse": {
            "endpoint": "getall_LeaveApplication",
            "service": "businessObjects",
            "path": "response"
        },
        "getallLeaveApplicationResponse": {
            "count": "number",
            "items": [
                {
                    "id": "number",
                    "approved": "number"
                }
            ]
        },
        "@decorators.getallExpenseReportResponse": {
            "endpoint": "getall_ExpenseReport",
            "service": "businessObjects",
            "path": "response"
        },
        "getallExpenseReportResponse": {
            "count": "number",
            "items": [
                {
                    "id": "number",
                    "name": "string",
                    "approval": "number"
                }
            ]
        },
        "@decorators.getallTravelRequestResponse": {
            "endpoint": "getall_TravelRequest",
            "service": "businessObjects",
            "path": "response"
        },
        "getallTravelRequestResponse": {
            "count": "number",
            "items": [
                {
                    "id": "number",
                    "travelDestination": "string",
                    "approved": "number"
                }
            ]
        },
        "getallApprovalResponse": {
            "items": [
                {
                    "id": "number",
                    "status": "string",
                    "countStatsExpense": "number"
                }
            ]
        },
        "@decorators.getallApprovalResponse": {
            "endpoint": "getall_Approval",
            "service": "businessObjects",
            "path": "response"
        },
        "getallApprovalResponse2": {
            "items": [
                {
                    "id": "number",
                    "status": "string",
                    "countStatsLeave": "number"
                }
            ]
        },
        "@decorators.getallApprovalResponse2": {
            "endpoint": "getall_Approval",
            "service": "businessObjects",
            "path": "response"
        },
        "getallApprovalResponse3": {
            "items": [
                {
                    "id": "number",
                    "status": "string",
                    "countStatsTravel": "number"
                }
            ]
        },
        "@decorators.getallApprovalResponse3": {
            "endpoint": "getall_Approval",
            "service": "businessObjects",
            "path": "response"
        },
        "getallLeaveApplicationResponse2": {
            "items": [
                {
                    "id": "number",
                    "period": "string",
                    "approved": "number"
                }
            ]
        },
        "@decorators.getallLeaveApplicationResponse2": {
            "endpoint": "getall_LeaveApplication",
            "service": "businessObjects",
            "path": "response"
        },
        "getallLeaveTypeResponse": {
            "items": [
                {
                    "id": "number",
                    "leaveByType": "number"
                }
            ]
        },
        "@decorators.getallLeaveTypeResponse": {
            "endpoint": "getall_LeaveType",
            "service": "businessObjects",
            "path": "response"
        },
        "getallLeaveTypeResponse2": {
            "items": [
                {
                    "id": "number",
                    "typeName": "string",
                    "leaveByType": "number"
                }
            ]
        },
        "@decorators.getallLeaveTypeResponse2": {
            "endpoint": "getall_LeaveType",
            "service": "businessObjects",
            "path": "response"
        },
        "getallLeaveTypeResponse3": {
            "items": [
                {
                    "id": "number",
                    "typeName": "string",
                    "leaveByType": "number"
                }
            ]
        },
        "@decorators.getallLeaveTypeResponse3": {
            "endpoint": "getall_LeaveType",
            "service": "businessObjects",
            "path": "response"
        },
        "getallLeaveTypeResponse4": {
            "items": [
                {
                    "id": "number",
                    "typeName": "string",
                    "leaveByType": "number"
                }
            ]
        },
        "@decorators.getallLeaveTypeResponse4": {
            "endpoint": "getall_LeaveType",
            "service": "businessObjects",
            "path": "response"
        }
      },
    "variables": {}
}