{
    "fields": [
        {
            "hidden": false,
            "id": "id",
            "internal": true,
            "key": true,
            "oid": "e91f3ea2-6ea8-4af2-90d2-5b7dc5bbbdbd",
            "required": true,
            "singularName": "Id",
            "type": "number",
            "unique": true
        },
        {
            "hidden": false,
            "id": "creationDate",
            "internal": true,
            "key": false,
            "oid": "dfc0a289-efca-4044-90b2-9a0d7720ebd0",
            "singularName": "Creation Date",
            "type": "datetime"
        },
        {
            "hidden": false,
            "id": "lastUpdateDate",
            "internal": true,
            "key": false,
            "oid": "8a13ef39-ae36-4794-b7fa-8b7f802ebe82",
            "singularName": "Last Update Date",
            "type": "datetime"
        },
        {
            "hidden": false,
            "id": "createdBy",
            "internal": true,
            "key": false,
            "oid": "8834a75f-d771-4850-acdf-d3f263cc1d60",
            "singularName": "Created By",
            "type": "string"
        },
        {
            "hidden": false,
            "id": "lastUpdatedBy",
            "internal": true,
            "key": false,
            "oid": "97779d2d-5a7d-423d-844f-cdb352a21eee",
            "singularName": "Last Updated By",
            "type": "string"
        },
        {
            "hidden": true,
            "id": "abcsChangeNumber",
            "internal": true,
            "key": false,
            "oid": "fb66b502-2fe4-439e-8d4e-8aee342c206b",
            "singularName": "Update ID",
            "type": "number"
        },
        {
            "id": "name",
            "oid": "55af6955-699b-4aea-928e-c77cc1dce686",
            "singularName": "name",
            "type": "string"
        },
        {
            "id": "department",
            "oid": "b3388a5d-dfb5-4d95-aeba-b9a805b7db87",
            "singularName": "department",
            "type": "reference"
        },
        {
            "id": "hireDate",
            "oid": "6e17584e-e0d0-4bb1-9791-eda9d6f66846",
            "singularName": "hireDate",
            "type": "datetime"
        },
        {
            "id": "email",
            "oid": "1645fca8-080e-4720-b194-4915f029bb7e",
            "singularName": "email",
            "type": "string"
        }
    ],
    "id": "Employee",
    "oid": "f9100f7d-fec4-412d-8fcd-401347e886ca",
    "relations": [
        {
            "accessorId": "departmentObject",
            "cardinality": "manyToOne",
            "defaultDisplayFieldId": "name",
            "deleteRule": "restrict",
            "mappingFieldId": "department",
            "sourceEntityId": "Employee",
            "targetEntityId": "Department"
        }
    ],
    "singularName": "Employee"
}