id,creationDate,lastUpdateDate,createdBy,lastUpdatedBy,name,department,hireDate,email
2,2018-09-06T09:42:44,2018-09-06T09:42:44,rodney.sowirono@oracle.com,rodney.sowirono@oracle.com,James Miller,1,2008-09-21T00:00:00,jmiller@example.com
3,2018-09-06T09:42:44,2018-09-06T09:42:44,rodney.sowirono@oracle.com,rodney.sowirono@oracle.com,Jennifer Garcia,2,2004-01-13T00:00:00,jgarcia@example.com
4,2018-09-06T09:42:44,2018-09-06T09:42:44,rodney.sowirono@oracle.com,rodney.sowirono@oracle.com,Mark Williams,3,2009-01-03T00:00:00,mwilliams@example.com
5,2018-09-06T09:42:44,2018-09-06T09:42:44,rodney.sowirono@oracle.com,rodney.sowirono@oracle.com,Sarah Brown,2,2010-05-21T00:00:00,sbrown@example.com
6,2018-09-06T09:42:44,2018-09-06T09:42:44,rodney.sowirono@oracle.com,rodney.sowirono@oracle.com,David Smith,1,2008-06-25T00:00:00,dsmith@example.com
7,2018-09-06T09:42:44,2018-09-06T09:42:44,rodney.sowirono@oracle.com,rodney.sowirono@oracle.com,Karen Johnson,2,2009-02-05T00:00:00,kjohnson@example.com
8,2018-09-06T09:42:44,2018-09-06T09:42:44,rodney.sowirono@oracle.com,rodney.sowirono@oracle.com,Richard Wilson,3,2010-02-07T00:00:00,rwilson@example.com
9,2018-09-06T09:42:44,2018-09-06T09:42:44,rodney.sowirono@oracle.com,rodney.sowirono@oracle.com,Linda Jones,1,2005-08-17T00:00:00,ljones@example.com
