{
    "a__text_410c": "Dashboard",
    "@a__text_410c": {
        "description": ""
    },
    "a__text_bf4c": "Activity Tracker",
    "@a__text_bf4c": {
        "description": ""
    },
    "a__text_1b1a": "Travel Request",
    "@a__text_1b1a": {
        "description": ""
    },
    "a__text_859c": "My Expense Reports",
    "@a__text_859c": {
        "description": ""
    },
    "a__text_a0a8": "Leave Application",
    "@a__text_a0a8": {
        "description": ""
    },
    "a__text_8bd0": "Administration",
    "@a__text_8bd0": {
        "description": ""
    }
   }