id,creationDate,lastUpdateDate,createdBy,lastUpdatedBy,name
1,2018-08-08T08:24:16,2018-08-08T08:24:16.007,vbcs.demo,rodney.sowirono@oracle.com,Airfare
2,2018-08-10T11:58:55,2018-08-10T11:58:55.011,vbcs.demo,rodney.sowirono@oracle.com,Taxi (Domestic)
3,2018-08-17T09:36:35,2018-08-17T09:36:35.008,vbcs.demo,rodney.sowirono@oracle.com,Accommodation
4,2018-08-17T09:37:59,2018-08-17T09:37:59.005,vbcs.demo,rodney.sowirono@oracle.com,Meals
5,2018-08-17T09:38:09,2018-08-17T09:38:09.006,vbcs.demo,rodney.sowirono@oracle.com,Entertainment
