{
    "fields": [
        {
            "id": "id",
            "internal": true,
            "key": true,
            "oid": "b5be51ff-f060-4e1a-bf44-419d75c7e0c4",
            "required": true,
            "singularName": "Id",
            "type": "number",
            "unique": true
        },
        {
            "id": "creationDate",
            "internal": true,
            "oid": "d2035730-6a01-4254-b305-04fe6c41bced",
            "singularName": "Created",
            "type": "datetime"
        },
        {
            "id": "lastUpdateDate",
            "internal": true,
            "oid": "d7459e11-7dcb-4e22-926a-d85549df9779",
            "singularName": "Last Updated",
            "type": "datetime"
        },
        {
            "id": "createdBy",
            "internal": true,
            "oid": "35b5dd7f-fdfe-4987-936b-1d6f1023917e",
            "singularName": "Created By",
            "type": "string"
        },
        {
            "id": "lastUpdatedBy",
            "internal": true,
            "oid": "45d216f1-e165-4fa2-b25f-a5955209c521",
            "singularName": "Last Updated By",
            "type": "string"
        },
        {
            "hidden": true,
            "id": "abcsChangeNumber",
            "internal": true,
            "oid": "d2e47720-fd5a-4383-b43e-e72848b6e46b",
            "singularName": "<internal>",
            "type": "number"
        },
        {
            "id": "name",
            "oid": "a6c1f17a-6059-449a-ab6d-8c6324593861",
            "singularName": "name",
            "type": "string"
        },
        {
            "aggregation": {
                "aggregationFunction": "SUM",
                "aggregationPath": [
                    {
                        "entityId": "LineItem",
                        "mappingFieldId": "category"
                    }
                ],
                "aggregatedFieldId": "amount"
            },
            "id": "expByType",
            "oid": "c3dcfa10-dd2f-4446-af07-c02caa8969fb",
            "updatable": false,
            "singularName": "ExpByType",
            "type": "number"
        }
    ],
    "id": "Category",
    "oid": "df0d0c50-8389-4baf-ae74-714357e48567",
    "singularName": "Category",
    "setupData": true
}