{
  "pageModelVersion": "18.3.3",
  "title": "Edit Travel Request",
  "description": "Updates single TravelRequest record",
  "variables": {
    "travelRequestRecord": {
      "type": "flow:updateTravelRequestRequest"
    },
    "travelRequestId": {
      "type": "string",
      "required": true,
      "input": "fromUrl"
    },
    "travelRequestRecordETag": {
      "type": "string"
    },
    "meetingsListServiceDataProvider": {
      "type": "vb/ServiceDataProvider",
      "defaultValue": {
        "endpoint": "businessObjects/getall_Meetings",
        "idAttribute": "id",
        "itemsPath": "items",
        "responseType": "flow:getallMeetingsResponse",
        "filterCriterion": {
          "op": "{{ \"$or\" }}",
          "criteria": [
            {
              "op": "{{ \"$eq\" }}",
              "value": "{{ $page.variables.travelRequestId }}",
              "attribute": "{{ \"travelRequest\" }}"
            }
          ]
        }
      }
    },
    "oj_table_115487212_1SelectedId": {
      "type": "string",
      "defaultValue": ""
    }
  },
  "types": {},
  "chains": {
    "goBackChain": {
      "root": "navigateToPage1",
      "actions": {
        "navigateToPage1": {
          "module": "vb/action/builtin/navigateToPageAction",
          "parameters": {
            "page": "travel-start"
          }
        }
      }
    },
    "loadTravelRequestChain": {
      "root": "loadTravelRequest",
      "actions": {
        "loadTravelRequest": {
          "module": "vb/action/builtin/restAction",
          "parameters": {
            "endpoint": "businessObjects/get_TravelRequest",
            "uriParams": {
              "TravelRequest_Id": "{{ $page.variables.travelRequestId }}"
            },
            "responseType": "flow:updateTravelRequestRequest"
          },
          "outcomes": {
            "success": "assignPayload",
            "failure": "fireErrorNotification"
          }
        },
        "assignPayload": {
          "module": "vb/action/builtin/assignVariablesAction",
          "parameters": {
            "$page.variables.travelRequestRecord": {
              "source": "{{ $chain.results.loadTravelRequest.body }}"
            },
            "$page.variables.travelRequestRecordETag": {
              "source": "[[ $chain.results.loadTravelRequest.headers.get('ETag') ]]"
            }
          },
          "outcomes": {}
        },
        "fireErrorNotification": {
          "module": "vb/action/builtin/fireNotificationEventAction",
          "parameters": {
            "message": "{{ 'Could not load data: status ' + $chain.results.loadTravelRequest.payload.status }}",
            "type": "error",
            "displayMode": "persist"
          },
          "outcomes": {}
        }
      }
    },
    "saveTravelRequestChain": {
      "variables": {
        "saveFailureResult": {
          "type": "flow:businessObjectServiceErrorResponseType"
        },
        "errorMessage": {
          "type": "string"
        },
        "saveHeaders": {
          "type": "object"
        }
      },
      "root": "checkETag",
      "actions": {
        "checkETag": {
          "module": "vb/action/builtin/ifAction",
          "parameters": {
            "condition": "[[ $page.variables.travelRequestRecordETag ]]"
          },
          "outcomes": {
            "true": "assignIfMatchHeader",
            "false": "saveTravelRequest"
          }
        },
        "assignIfMatchHeader": {
          "module": "vb/action/builtin/assignVariablesAction",
          "parameters": {
            "$chain.variables.saveHeaders": {
              "source": "[[ { 'If-Match': $page.variables.travelRequestRecordETag } ]]"
            }
          },
          "outcomes": {
            "success": "saveTravelRequest"
          }
        },
        "saveTravelRequest": {
          "module": "vb/action/builtin/restAction",
          "parameters": {
            "endpoint": "businessObjects/update_TravelRequest",
            "body": "{{ $page.variables.travelRequestRecord }}",
            "requestType": "json",
            "uriParams": {
              "TravelRequest_Id": "{{ $page.variables.travelRequestId }}"
            },
            "headers": "[[ $chain.variables.saveHeaders ]]"
          },
          "outcomes": {
            "success": "assignPayload",
            "failure": "assignFailureResult"
          }
        },
        "assignPayload": {
          "module": "vb/action/builtin/assignVariablesAction",
          "parameters": {
            "$page.variables.travelRequestRecord": {
              "source": "{{ $chain.results.saveTravelRequest.body }}"
            },
            "$page.variables.travelRequestRecordETag": {
              "source": "[[ $chain.results.saveTravelRequest.headers.get('ETag') ]]"
            }
          },
          "outcomes": {
            "success": "fireSuccessNotification"
          }
        },
        "fireSuccessNotification": {
          "module": "vb/action/builtin/fireNotificationEventAction",
          "parameters": {
            "message": "TravelRequest record successfully updated",
            "type": "confirmation",
            "displayMode": "transient"
          },
          "outcomes": {
            "success": "callGoBackChain"
          }
        },
        "callGoBackChain": {
          "module": "vb/action/builtin/callChainAction",
          "parameters": {
            "id": "goBackChain"
          }
        },
        "assignFailureResult": {
          "module": "vb/action/builtin/assignVariablesAction",
          "parameters": {
            "$chain.variables.saveFailureResult": {
              "source": "[[ $chain.results.saveTravelRequest.payload ]]",
              "mapping": {
                "$target": "$source",
                "$target.body.o_errorDetails": {
                  "source": "$source.body['o:errorDetails'] || []",
                  "mapping": {
                    "$target.o_errorCode": "$source['o:errorCode']",
                    "$target.detail": "$source.detail"
                  }
                }
              }
            }
          },
          "outcomes": {
            "success": "testFailureDetails"
          }
        },
        "testFailureDetails": {
          "module": "vb/action/builtin/ifAction",
          "outcomes": {
            "true": "handleDetailedErrorMessage",
            "false": "handleDefaultErrorMessage"
          },
          "parameters": {
            "condition": "[[ $chain.variables.saveFailureResult.body.o_errorDetails[0] ]]"
          }
        },
        "handleDetailedErrorMessage": {
          "module": "vb/action/builtin/assignVariablesAction",
          "outcomes": {
            "success": "fireErrorNotification"
          },
          "parameters": {
            "$chain.variables.errorMessage": {
              "source": "[[ $chain.variables.saveFailureResult.body.o_errorDetails[0].detail ]]"
            }
          }
        },
        "handleDefaultErrorMessage": {
          "module": "vb/action/builtin/assignVariablesAction",
          "outcomes": {
            "success": "fireErrorNotification"
          },
          "parameters": {
            "$chain.variables.errorMessage": {
              "source": "[[ 'Could not update TravelRequest: status ' + $chain.results.saveTravelRequest.payload.status ]]"
            }
          }
        },
        "fireErrorNotification": {
          "module": "vb/action/builtin/fireNotificationEventAction",
          "parameters": {
            "message": "[[ $chain.variables.errorMessage ]]",
            "type": "error",
            "displayMode": "persist"
          }
        }
      }
    },
    "navigateToCreateMeetingsChain": {
      "root": "navigateToCreate",
      "actions": {
        "navigateToCreate": {
          "module": "vb/action/builtin/navigateToPageAction",
          "parameters": {
            "history": "push",
            "page": "travel-add-meetings2",
            "params": {
              "travelRequestId": "{{ $page.variables.travelRequestRecord.id }}"
            }
          },
          "outcomes": {
            "success": ""
          }
        }
      }
    },
    "oj_table_115487212_1ChangeSelectionChain": {
      "variables": {
        "meetingsId": {
          "type": "string",
          "input": "fromCaller",
          "defaultValue": ""
        }
      },
      "root": "assignVariable",
      "actions": {
        "assignVariable": {
          "module": "vb/action/builtin/assignVariablesAction",
          "parameters": {
            "$page.variables.oj_table_115487212_1SelectedId": {
              "source": "[[ $chain.variables.meetingsId ]]"
            }
          },
          "outcomes": {
            "success": ""
          }
        }
      }
    },
    "deleteMeetingsChain": {
      "root": "deleteMeetings",
      "variables": {
        "meetingsId": {
          "type": "string",
          "input": "fromCaller",
          "defaultValue": "{{ $page.variables.oj_table_115487212_1SelectedId }}"
        }
      },
      "actions": {
        "deleteMeetings": {
          "module": "vb/action/builtin/restAction",
          "parameters": {
            "endpoint": "businessObjects/delete_Meetings",
            "uriParams": {
              "Meetings_Id": "{{ $chain.variables.meetingsId }}"
            }
          },
          "outcomes": {
            "success": "refreshDataProvider",
            "failure": "fireErrorNotification"
          }
        },
        "refreshDataProvider": {
          "module": "vb/action/builtin/fireDataProviderEventAction",
          "outcomes": {
            "success": "fireSuccessNotification"
          },
          "parameters": {
            "refresh": "",
            "target": "{{ $page.variables.meetingsListServiceDataProvider }}"
          }
        },
        "fireSuccessNotification": {
          "module": "vb/action/builtin/fireNotificationEventAction",
          "parameters": {
            "message": "{{ 'Meetings [' + $chain.variables.meetingsId + '] successfully deleted' }}",
            "type": "confirmation",
            "displayMode": "transient"
          },
          "outcomes": {}
        },
        "fireErrorNotification": {
          "module": "vb/action/builtin/fireNotificationEventAction",
          "parameters": {
            "message": "{{ 'Could not delete data: status ' + $chain.results.deleteMeetings.payload.status }}",
            "type": "error",
            "displayMode": "persist"
          },
          "outcomes": {}
        }
      }
    },
    "navigateToEditMeetingsChain": {
      "root": "navigateToEdit",
      "actions": {
        "navigateToEdit": {
          "module": "vb/action/builtin/navigateToPageAction",
          "parameters": {
            "history": "push",
            "page": "travel-edit-meetings2",
            "params": {
              "meetingsId": "[[ $page.variables.oj_table_115487212_1SelectedId ]]"
            }
          },
          "outcomes": {
            "success": ""
          }
        }
      }
    }
  },
  "eventListeners": {
    "backButtonClicked": {
      "chains": [
        {
          "chainId": "goBackChain"
        }
      ]
    },
    "saveButtonClicked": {
      "chains": [
        {
          "chainId": "saveTravelRequestChain"
        }
      ]
    },
    "vbEnter": {
      "chains": [
        {
          "chainId": "loadTravelRequestChain"
        }
      ]
    },
    "createMeetingsButtonClicked": {
      "chains": [
        {
          "chainId": "navigateToCreateMeetingsChain"
        }
      ]
    },
    "oj_table_115487212_1SelectionChanged": {
      "chains": [
        {
          "chainId": "oj_table_115487212_1ChangeSelectionChain",
          "parameters": {
            "meetingsId": "[[ ($event.detail.value && $event.detail.value[0] && 'row' in $event.detail.value[0].startKey) ? $event.detail.value[0].startKey.row : '' ]]"
          }
        }
      ]
    },
    "deleteMeetingsButtonClicked": {
      "chains": [
        {
          "chainId": "deleteMeetingsChain"
        }
      ]
    },
    "editMeetingsButtonClicked": {
      "chains": [
        {
          "chainId": "navigateToEditMeetingsChain"
        }
      ]
    }
  },
  "imports": {
    "components": {
      "oj-form-layout": {
        "path": "ojs/ojformlayout"
      },
      "oj-input-text": {
        "path": "ojs/ojinputtext"
      },
      "oj-switch": {
        "path": "ojs/ojswitch"
      },
      "oj-input-date": {
        "path": "ojs/ojdatetimepicker"
      },
      "oj-toolbar": {
        "path": "ojs/ojtoolbar"
      },
      "oj-button": {
        "path": "ojs/ojbutton"
      },
      "oj-label": {
        "path": "ojs/ojlabel"
      },
      "oj-text-area": {
        "path": "ojs/ojinputtext"
      },
      "oj-table": {
        "path": "ojs/ojtable"
      }
    }
  }
}