{
    "fields": [
        {
            "id": "id",
            "internal": true,
            "key": true,
            "oid": "b6389c99-b4f2-4616-9e11-dba7e1383a05",
            "required": true,
            "singularName": "Id",
            "type": "number",
            "unique": true
        },
        {
            "id": "creationDate",
            "internal": true,
            "oid": "00b504e3-a91a-46c3-aeb6-c46840b4b3c8",
            "singularName": "Created",
            "type": "datetime"
        },
        {
            "id": "lastUpdateDate",
            "internal": true,
            "oid": "5dda33ce-4020-4366-902b-0b9f60b17985",
            "singularName": "Last Updated",
            "type": "datetime"
        },
        {
            "id": "createdBy",
            "internal": true,
            "oid": "a3a77ff7-c50b-4894-a12e-490eb3910391",
            "singularName": "Created By",
            "type": "string"
        },
        {
            "id": "lastUpdatedBy",
            "internal": true,
            "oid": "fb741b0a-3864-485c-b401-dae86876aa7f",
            "singularName": "Last Updated By",
            "type": "string"
        },
        {
            "hidden": true,
            "id": "abcsChangeNumber",
            "internal": true,
            "oid": "c4582838-cc44-4224-b156-d4139b2bacca",
            "singularName": "<internal>",
            "type": "number"
        }
    ],
    "id": "RayesObject",
    "oid": "a77a6251-97a1-41f1-9eb7-f1f5c6b7a120",
    "singularName": "RayesObject"
}