{
  "pageModelVersion": "18.2.3",
  "title": "Edit Expense Report",
  "description": "Updates single ExpenseReport record",
  "variables": {
    "expenseReportRecord": {
      "type": "flow:updateExpenseReportRequest",
      "defaultValue": {
        "approval": 1
      }
    },
    "expenseReportId": {
      "type": "string",
      "required": true,
      "input": "fromUrl"
    },
    "countryListServiceDataProvider": {
      "type": "vb/ServiceDataProvider",
      "defaultValue": {
        "endpoint": "businessObjects/getall_Country",
        "idAttribute": "id",
        "itemsPath": "items",
        "responseType": "flow:getallCountryResponse",
        "uriParameters": {}
      }
    },
    "lineItemListServiceDataProvider": {
      "type": "vb/ServiceDataProvider",
      "defaultValue": {
        "endpoint": "businessObjects/getall_LineItem",
        "idAttribute": "id",
        "itemsPath": "items",
        "responseType": "flow:getallLineItemResponse",
        "filterCriterion": {
          "op": "{{ \"$or\" }}",
          "criteria": [
            {
              "attribute": "{{ \"expenseReport\" }}",
              "op": "{{ \"$eq\" }}",
              "value": "{{ $page.variables.expenseReportId }}"
            }
          ]
        }
      }
    },
    "newLineItem": {
      "type": "page:create_LineItem",
      "defaultValue": {
        "expenseReport": "{{$page.variables.expenseReportId}}"
      }
    },
    "categoryObjectListServiceDataProvider": {
      "type": "vb/ServiceDataProvider",
      "defaultValue": {
        "endpoint": "businessObjects/getall_LineItem-categoryObject",
        "idAttribute": "name",
        "itemsPath": "items",
        "responseType": "flow:getallLineItemCategoryObjectResponse",
        "uriParameters": {
          "onlyData": "{{ $page.variables.newLineItem.category }}",
          "LineItem_Id": "{{ $page.variables.oj_table_78506968_1SelectedId }}"
        }
      }
    },
    "categoryListServiceDataProvider": {
      "type": "vb/ServiceDataProvider",
      "defaultValue": {
        "endpoint": "businessObjects/getall_Category",
        "idAttribute": "name",
        "itemsPath": "items",
        "responseType": "flow:getallCategoryResponse"
      }
    },
    "oj_table_78506968_1SelectedId": {
      "type": "string",
      "defaultValue": ""
    }
  },
  "types": {
    "@decorators.create_LineItem": {
      "endpoint": "create_LineItem",
      "service": "businessObjects",
      "path": "request"
    },
    "create_LineItem": {
      "expenseReport": "number",
      "name": "string",
      "amount": "number",
      "category": "number",
      "expenseDate": "string"
    }
  },
  "chains": {
    "goBackChain": {
      "root": "navigateBack",
      "actions": {
        "navigateBack": {
          "module": "vb/action/builtin/navigateBackAction",
          "outcomes": {
            "success": ""
          }
        }
      }
    },
    "loadExpenseReportChain": {
      "root": "loadExpenseReport",
      "actions": {
        "loadExpenseReport": {
          "module": "vb/action/builtin/restAction",
          "parameters": {
            "endpoint": "businessObjects/get_ExpenseReport",
            "uriParams": {
              "ExpenseReport_Id": "{{ $page.variables.expenseReportId }}"
            }
          },
          "outcomes": {
            "success": "assignPayload",
            "failure": "fireErrorNotification"
          }
        },
        "assignPayload": {
          "module": "vb/action/builtin/assignVariablesAction",
          "parameters": {
            "$page.variables.expenseReportRecord": {
              "source": "{{ $chain.results.loadExpenseReport.body }}"
            }
          },
          "outcomes": {}
        },
        "fireErrorNotification": {
          "module": "vb/action/builtin/fireNotificationEventAction",
          "parameters": {
            "message": "{{ 'Could not load data: status ' + $chain.results.loadExpenseReport.payload.status }}",
            "type": "error",
            "displayMode": "persist"
          },
          "outcomes": {}
        }
      }
    },
    "saveExpenseReportChain": {
      "variables": {
        "saveFailureResult": {
          "type": "flow:businessObjectServiceErrorResponseType"
        },
        "errorMessage": {
          "type": "string"
        }
      },
      "root": "saveExpenseReport",
      "actions": {
        "saveExpenseReport": {
          "module": "vb/action/builtin/restAction",
          "parameters": {
            "endpoint": "businessObjects/update_ExpenseReport",
            "body": "{{ $page.variables.expenseReportRecord }}",
            "requestType": "json",
            "uriParams": {
              "ExpenseReport_Id": "{{ $page.variables.expenseReportId }}"
            }
          },
          "outcomes": {
            "success": "assignPayload",
            "failure": "assignFailureResult"
          }
        },
        "assignPayload": {
          "module": "vb/action/builtin/assignVariablesAction",
          "parameters": {
            "$page.variables.expenseReportRecord": {
              "source": "{{ $chain.results.saveExpenseReport.body }}"
            }
          },
          "outcomes": {
            "success": "fireSuccessNotification"
          }
        },
        "fireSuccessNotification": {
          "module": "vb/action/builtin/fireNotificationEventAction",
          "parameters": {
            "message": "ExpenseReport record successfully updated",
            "type": "confirmation",
            "displayMode": "transient"
          },
          "outcomes": {
            "success": "callGoBackChain"
          }
        },
        "callGoBackChain": {
          "module": "vb/action/builtin/callChainAction",
          "parameters": {
            "id": "goBackChain"
          }
        },
        "assignFailureResult": {
          "module": "vb/action/builtin/assignVariablesAction",
          "parameters": {
            "$chain.variables.saveFailureResult": {
              "source": "[[ $chain.results.saveExpenseReport.payload ]]",
              "mapping": {
                "$target": "$source",
                "$target.body.o_errorDetails": {
                  "source": "$source.body['o:errorDetails'] || []",
                  "mapping": {
                    "$target.o_errorCode": "$source['o:errorCode']",
                    "$target.detail": "$source.detail"
                  }
                }
              }
            }
          },
          "outcomes": {
            "success": "testFailureDetails"
          }
        },
        "testFailureDetails": {
          "module": "vb/action/builtin/ifAction",
          "outcomes": {
            "true": "handleDetailedErrorMessage",
            "false": "handleDefaultErrorMessage"
          },
          "parameters": {
            "condition": "[[ $chain.variables.saveFailureResult.body.o_errorDetails[0] ]]"
          }
        },
        "handleDetailedErrorMessage": {
          "module": "vb/action/builtin/assignVariablesAction",
          "outcomes": {
            "success": "fireErrorNotification"
          },
          "parameters": {
            "$chain.variables.errorMessage": {
              "source": "[[ $chain.variables.saveFailureResult.body.o_errorDetails[0].detail ]]"
            }
          }
        },
        "handleDefaultErrorMessage": {
          "module": "vb/action/builtin/assignVariablesAction",
          "outcomes": {
            "success": "fireErrorNotification"
          },
          "parameters": {
            "$chain.variables.errorMessage": {
              "source": "[[ 'Could not update ExpenseReport: status ' + $chain.results.saveExpenseReport.payload.status ]]"
            }
          }
        },
        "fireErrorNotification": {
          "module": "vb/action/builtin/fireNotificationEventAction",
          "parameters": {
            "message": "[[ $chain.variables.errorMessage ]]",
            "type": "error",
            "displayMode": "persist"
          }
        }
      }
    },
    "ButtonClickAction": {
      "description": "",
      "variables": {
        "detail": {
          "required": true,
          "type": "any",
          "input": "fromCaller"
        }
      },
      "root": "createLineItem",
      "actions": {
        "createLineItem": {
          "module": "vb/action/builtin/restAction",
          "parameters": {
            "endpoint": "businessObjects/create_LineItem",
            "body": "{{ $page.variables.newLineItem }}"
          },
          "outcomes": {
            "success": "refreshLineItems"
          }
        },
        "refreshLineItems": {
          "module": "vb/action/builtin/fireDataProviderEventAction",
          "parameters": {
            "refresh": null,
            "target": "{{ $page.variables.lineItemListServiceDataProvider }}"
          },
          "outcomes": {
            "success": "resetNewLineItem"
          }
        },
        "resetNewLineItem": {
          "module": "vb/action/builtin/resetVariablesAction",
          "parameters": {
            "variables": [
              "$page.variables.newLineItem"
            ]
          }
        }
      }
    },
    "getall_LineItemFetchAction": {
      "root": "callRestEndpoint1",
      "actions": {
        "callRestEndpoint1": {
          "module": "vb/action/builtin/restAction",
          "parameters": {
            "requestType": "json",
            "endpoint": "businessObjects/getall_LineItem",
            "responseType": "flow:getallLineItemResponse",
            "uriParams": {}
          },
          "outcomes": {
            "success": "return1"
          }
        },
        "return1": {
          "module": "vb/action/builtin/returnAction",
          "parameters": {
            "outcome": "success",
            "payload": "{{ $chain.results.callRestEndpoint1 }}"
          }
        }
      },
      "variables": {}
    },
    "oj_table_78506968_1ChangeSelectionChain": {
      "variables": {
        "lineItemId": {
          "type": "string",
          "input": "fromCaller",
          "defaultValue": ""
        }
      },
      "root": "assignVariable",
      "actions": {
        "assignVariable": {
          "module": "vb/action/builtin/assignVariablesAction",
          "parameters": {
            "$page.variables.oj_table_78506968_1SelectedId": {
              "source": "[[ $chain.variables.lineItemId ]]"
            }
          },
          "outcomes": {
            "success": ""
          }
        }
      }
    },
    "deleteLineItemChain": {
      "root": "deleteLineItem",
      "variables": {
        "lineItemId": {
          "type": "string",
          "input": "fromCaller",
          "defaultValue": "{{ $page.variables.oj_table_78506968_1SelectedId }}"
        }
      },
      "actions": {
        "deleteLineItem": {
          "module": "vb/action/builtin/restAction",
          "parameters": {
            "endpoint": "businessObjects/delete_LineItem",
            "uriParams": {
              "LineItem_Id": "{{ $chain.variables.lineItemId }}"
            }
          },
          "outcomes": {
            "success": "refreshDataProvider",
            "failure": "fireErrorNotification"
          }
        },
        "refreshDataProvider": {
          "module": "vb/action/builtin/fireDataProviderEventAction",
          "outcomes": {
            "success": "fireSuccessNotification"
          },
          "parameters": {
            "refresh": "",
            "target": "{{ $page.variables.lineItemListServiceDataProvider }}"
          }
        },
        "fireSuccessNotification": {
          "module": "vb/action/builtin/fireNotificationEventAction",
          "parameters": {
            "message": "{{ 'LineItem [' + $chain.variables.lineItemId + '] successfully deleted' }}",
            "type": "confirmation",
            "displayMode": "transient"
          },
          "outcomes": {}
        },
        "fireErrorNotification": {
          "module": "vb/action/builtin/fireNotificationEventAction",
          "parameters": {
            "message": "{{ 'Could not delete data: status ' + $chain.results.deleteLineItem.payload.status }}",
            "type": "error",
            "displayMode": "persist"
          },
          "outcomes": {}
        }
      }
    }
  },
  "eventListeners": {
    "backButtonClicked": {
      "chains": [
        {
          "chainId": "goBackChain"
        }
      ]
    },
    "saveButtonClicked": {
      "chains": [
        {
          "chainId": "saveExpenseReportChain"
        }
      ]
    },
    "vbEnter": {
      "chains": [
        {
          "chainId": "loadExpenseReportChain"
        }
      ]
    },
    "ojButton4215777733Click": {
      "chains": [
        {
          "chainId": "ButtonClickAction",
          "parameters": {
            "detail": "{{ $event.detail }}"
          }
        }
      ]
    },
    "oj_table_78506968_1SelectionChanged": {
      "chains": [
        {
          "chainId": "oj_table_78506968_1ChangeSelectionChain",
          "parameters": {
            "lineItemId": "[[ ($event.detail.value && $event.detail.value[0] && 'row' in $event.detail.value[0].startKey) ? $event.detail.value[0].startKey.row : '' ]]"
          }
        }
      ]
    },
    "deleteLineItemButtonClicked": {
      "chains": [
        {
          "chainId": "deleteLineItemChain"
        }
      ]
    }
  },
  "imports": {
    "components": {
      "oj-form-layout": {
        "path": "ojs/ojformlayout"
      },
      "oj-input-text": {
        "path": "ojs/ojinputtext"
      },
      "oj-input-number": {
        "path": "ojs/ojinputnumber"
      },
      "oj-select-one": {
        "path": "ojs/ojselectcombobox"
      },
      "oj-input-date": {
        "path": "ojs/ojdatetimepicker"
      },
      "oj-toolbar": {
        "path": "ojs/ojtoolbar"
      },
      "oj-button": {
        "path": "ojs/ojbutton"
      },
      "oj-label": {
        "path": "ojs/ojlabel"
      },
      "oj-text-area": {
        "path": "ojs/ojinputtext"
      },
      "oj-list-view": {
        "path": "ojs/ojlistview"
      },
      "oj-vb-list-item": {
        "path": "vb/components/list-item/loader"
      },
      "oj-table": {
        "path": "ojs/ojtable"
      }
    }
  }
}