{
  "pageModelVersion": "18.2.3",
  "title": "My Expense Reports",
  "description": "The starting page of the flow",
  "variables": {
    "expenseReportListServiceDataProvider": {
      "type": "vb/ServiceDataProvider",
      "defaultValue": {
        "endpoint": "businessObjects/getall_ExpenseReport",
        "idAttribute": "id",
        "itemsPath": "items",
        "responseType": "flow:getallExpenseReportResponse",
        "filterCriterion": {
          "op": "{{ \"$or\" }}",
          "criteria": [
            {
              "attribute": "{{ \"createdBy\" }}",
              "op": "{{ \"$eq\" }}",
              "value": "{{ $application.user.userId }}"
            }
          ]
        }
      }
    },
    "oj_list_view_482825175_1SelectedId": {
      "type": "string",
      "defaultValue": ""
    },
    "expenseReportListServiceDataProvider2": {
      "type": "vb/ServiceDataProvider",
      "defaultValue": {
        "endpoint": "businessObjects/getall_ExpenseReport",
        "idAttribute": "id",
        "itemsPath": "items",
        "responseType": "flow:getallExpenseReportResponse2"
      }
    }
  },
  "types": {},
  "chains": {
    "navigateToCreateExpenseReportChain": {
      "root": "navigateToCreate",
      "actions": {
        "navigateToCreate": {
          "module": "vb/action/builtin/navigateToPageAction",
          "parameters": {
            "history": "push",
            "page": "CreateExpenseReport",
            "params": {}
          },
          "outcomes": {
            "success": ""
          }
        }
      }
    },
    "oj_list_view_482825175_1ChangeSelectionChain": {
      "variables": {
        "expenseReportId": {
          "type": "string",
          "input": "fromCaller",
          "defaultValue": ""
        }
      },
      "root": "assignVariable",
      "actions": {
        "assignVariable": {
          "module": "vb/action/builtin/assignVariablesAction",
          "parameters": {
            "$page.variables.oj_list_view_482825175_1SelectedId": {
              "source": "[[ $chain.variables.expenseReportId ]]"
            }
          },
          "outcomes": {
            "success": ""
          }
        }
      }
    },
    "navigateToEditExpenseReportChain": {
      "root": "navigateToEdit",
      "actions": {
        "navigateToEdit": {
          "module": "vb/action/builtin/navigateToPageAction",
          "parameters": {
            "history": "push",
            "page": "EditExpenseReport",
            "params": {
              "expenseReportId": "[[ $page.variables.oj_list_view_482825175_1SelectedId ]]"
            }
          },
          "outcomes": {
            "success": ""
          }
        }
      }
    },
    "deleteExpenseReportChain": {
      "root": "deleteExpenseReport",
      "variables": {
        "expenseReportId": {
          "type": "string",
          "input": "fromCaller",
          "defaultValue": "{{ $page.variables.oj_list_view_482825175_1SelectedId }}"
        }
      },
      "actions": {
        "deleteExpenseReport": {
          "module": "vb/action/builtin/restAction",
          "parameters": {
            "endpoint": "businessObjects/delete_ExpenseReport",
            "uriParams": {
              "ExpenseReport_Id": "{{ $chain.variables.expenseReportId }}"
            }
          },
          "outcomes": {
            "success": "refreshDataProvider",
            "failure": "fireErrorNotification"
          }
        },
        "refreshDataProvider": {
          "module": "vb/action/builtin/fireDataProviderEventAction",
          "outcomes": {
            "success": "fireSuccessNotification"
          },
          "parameters": {
            "refresh": "",
            "target": "{{ $page.variables.expenseReportListServiceDataProvider }}"
          }
        },
        "fireSuccessNotification": {
          "module": "vb/action/builtin/fireNotificationEventAction",
          "parameters": {
            "message": "{{ 'ExpenseReport [' + $chain.variables.expenseReportId + '] successfully deleted' }}",
            "type": "confirmation",
            "displayMode": "transient"
          },
          "outcomes": {}
        },
        "fireErrorNotification": {
          "module": "vb/action/builtin/fireNotificationEventAction",
          "parameters": {
            "message": "{{ 'Could not delete data: status ' + $chain.results.deleteExpenseReport.payload.status }}",
            "type": "error",
            "displayMode": "persist"
          },
          "outcomes": {}
        }
      }
    }
  },
  "eventListeners": {
    "createExpenseReportButtonClicked": {
      "chains": [
        {
          "chainId": "navigateToCreateExpenseReportChain"
        }
      ]
    },
    "oj_list_view_482825175_1SelectionChanged": {
      "chains": [
        {
          "chainId": "oj_list_view_482825175_1ChangeSelectionChain",
          "parameters": {
            "expenseReportId": "[[ $event.detail.value[0] || '' ]]"
          }
        }
      ]
    },
    "editExpenseReportButtonClicked": {
      "chains": [
        {
          "chainId": "navigateToEditExpenseReportChain"
        }
      ]
    },
    "deleteExpenseReportButtonClicked": {
      "chains": [
        {
          "chainId": "deleteExpenseReportChain"
        }
      ]
    }
  },
  "imports": {
    "components": {
      "oj-list-view": {
        "path": "ojs/ojlistview"
      },
      "oj-label": {
        "path": "ojs/ojlabel"
      },
      "oj-toolbar": {
        "path": "ojs/ojtoolbar"
      },
      "oj-button": {
        "path": "ojs/ojbutton"
      },
      "oj-input-text": {
        "path": "ojs/ojinputtext"
      },
      "oj-select-one": {
        "path": "ojs/ojselectcombobox"
      },
      "oj-table": {
        "path": "ojs/ojtable"
      },
      "oj-input-number": {
        "path": "ojs/ojinputnumber"
      },
      "oj-input-date": {
        "path": "ojs/ojdatetimepicker"
      }
    }
  },
  "translations": {
  }
}