{
  "pageModelVersion": "18.3.3",
  "title": "Create Travel Request",
  "description": "Creates new TravelRequest",
  "variables": {
    "travelRequest": {
      "type": "flow:createTravelRequestRequest",
      "defaultValue": {
        "approved": 1
      }
    },
    "meetingsListServiceDataProvider": {
      "type": "vb/ServiceDataProvider",
      "defaultValue": {
        "endpoint": "businessObjects/getall_Meetings",
        "idAttribute": "id",
        "itemsPath": "items",
        "responseType": "flow:getallMeetingsResponse"
      }
    },
    "oj_table_780344990_1SelectedId": {
      "type": "string",
      "defaultValue": ""
    }
  },
  "types": {},
  "chains": {
    "goBackChain": {
      "root": "navigateBack",
      "actions": {
        "navigateBack": {
          "module": "vb/action/builtin/navigateBackAction",
          "outcomes": {
            "success": ""
          }
        }
      }
    },
    "createTravelRequestChain": {
      "root": "createTravelRequest",
      "variables": {
        "saveFailureResult": {
          "type": "flow:businessObjectServiceErrorResponseType"
        },
        "errorMessage": {
          "type": "string"
        }
      },
      "actions": {
        "createTravelRequest": {
          "module": "vb/action/builtin/restAction",
          "parameters": {
            "endpoint": "businessObjects/create_TravelRequest",
            "body": "{{ $page.variables.travelRequest }}"
          },
          "outcomes": {
            "success": "fireSuccessNotification",
            "failure": "assignFailureResult"
          }
        },
        "fireSuccessNotification": {
          "module": "vb/action/builtin/fireNotificationEventAction",
          "parameters": {
            "message": "TravelRequest record successfully created",
            "type": "confirmation",
            "displayMode": "transient"
          },
          "outcomes": {
            "success": "navigateToPage1"
          }
        },
        "assignFailureResult": {
          "module": "vb/action/builtin/assignVariablesAction",
          "parameters": {
            "$chain.variables.saveFailureResult": {
              "source": "[[ $chain.results.createTravelRequest.payload ]]",
              "mapping": {
                "$target": "$source",
                "$target.body.o_errorDetails": {
                  "source": "$source.body['o:errorDetails'] || []",
                  "mapping": {
                    "$target.o_errorCode": "$source['o:errorCode']",
                    "$target.detail": "$source.detail"
                  }
                }
              }
            }
          },
          "outcomes": {
            "success": "testFailureDetails"
          }
        },
        "testFailureDetails": {
          "module": "vb/action/builtin/ifAction",
          "outcomes": {
            "true": "handleDetailedErrorMessage",
            "false": "handleDefaultErrorMessage"
          },
          "parameters": {
            "condition": "[[ $chain.variables.saveFailureResult.body.o_errorDetails[0] ]]"
          }
        },
        "handleDetailedErrorMessage": {
          "module": "vb/action/builtin/assignVariablesAction",
          "outcomes": {
            "success": "fireErrorNotification"
          },
          "parameters": {
            "$chain.variables.errorMessage": {
              "source": "[[ $chain.variables.saveFailureResult.body.o_errorDetails[0].detail ]]"
            }
          }
        },
        "handleDefaultErrorMessage": {
          "module": "vb/action/builtin/assignVariablesAction",
          "outcomes": {
            "success": "fireErrorNotification"
          },
          "parameters": {
            "$chain.variables.errorMessage": {
              "source": "[[ 'Could not create new TravelRequest: status ' + $chain.variables.saveFailureResult.status ]]"
            }
          }
        },
        "fireErrorNotification": {
          "module": "vb/action/builtin/fireNotificationEventAction",
          "parameters": {
            "message": "[[ $chain.variables.errorMessage ]]",
            "type": "error",
            "displayMode": "persist"
          },
          "outcomes": {}
        },
        "navigateToPage1": {
          "module": "vb/action/builtin/navigateToPageAction",
          "parameters": {
            "page": "travel-edit-travel-request",
            "params": {
              "travelRequestId": "{{ $chain.results.createTravelRequest.body.id }}"
            }
          }
        }
      }
    },
    "navigateToCreateMeetingsChain": {
      "root": "navigateToCreate",
      "actions": {
        "navigateToCreate": {
          "module": "vb/action/builtin/navigateToPageAction",
          "parameters": {
            "history": "push",
            "page": "travel-create-meetings",
            "params": {}
          },
          "outcomes": {
            "success": ""
          }
        }
      }
    },
    "oj_table_780344990_1ChangeSelectionChain": {
      "variables": {
        "meetingsId": {
          "type": "string",
          "input": "fromCaller",
          "defaultValue": ""
        }
      },
      "root": "assignVariable",
      "actions": {
        "assignVariable": {
          "module": "vb/action/builtin/assignVariablesAction",
          "parameters": {
            "$page.variables.oj_table_780344990_1SelectedId": {
              "source": "[[ $chain.variables.meetingsId ]]"
            }
          },
          "outcomes": {
            "success": ""
          }
        }
      }
    },
    "navigateToEditMeetingsChain": {
      "root": "navigateToEdit",
      "actions": {
        "navigateToEdit": {
          "module": "vb/action/builtin/navigateToPageAction",
          "parameters": {
            "history": "push",
            "page": "travel-edit-meetings",
            "params": {
              "meetingsId": "[[ $page.variables.oj_table_780344990_1SelectedId ]]"
            }
          },
          "outcomes": {
            "success": ""
          }
        }
      }
    },
    "deleteMeetingsChain": {
      "root": "deleteMeetings",
      "variables": {
        "meetingsId": {
          "type": "string",
          "input": "fromCaller",
          "defaultValue": "{{ $page.variables.oj_table_780344990_1SelectedId }}"
        }
      },
      "actions": {
        "deleteMeetings": {
          "module": "vb/action/builtin/restAction",
          "parameters": {
            "endpoint": "businessObjects/delete_Meetings",
            "uriParams": {
              "Meetings_Id": "{{ $chain.variables.meetingsId }}"
            }
          },
          "outcomes": {
            "success": "refreshDataProvider",
            "failure": "fireErrorNotification"
          }
        },
        "refreshDataProvider": {
          "module": "vb/action/builtin/fireDataProviderEventAction",
          "outcomes": {
            "success": "fireSuccessNotification"
          },
          "parameters": {
            "refresh": "",
            "target": "{{ $page.variables.meetingsListServiceDataProvider }}"
          }
        },
        "fireSuccessNotification": {
          "module": "vb/action/builtin/fireNotificationEventAction",
          "parameters": {
            "message": "{{ 'Meetings [' + $chain.variables.meetingsId + '] successfully deleted' }}",
            "type": "confirmation",
            "displayMode": "transient"
          },
          "outcomes": {}
        },
        "fireErrorNotification": {
          "module": "vb/action/builtin/fireNotificationEventAction",
          "parameters": {
            "message": "{{ 'Could not delete data: status ' + $chain.results.deleteMeetings.payload.status }}",
            "type": "error",
            "displayMode": "persist"
          },
          "outcomes": {}
        }
      }
    }
  },
  "eventListeners": {
    "backButtonClicked": {
      "chains": [
        {
          "chainId": "goBackChain"
        }
      ]
    },
    "saveButtonClicked": {
      "chains": [
        {
          "chainId": "createTravelRequestChain"
        }
      ]
    },
    "createMeetingsButtonClicked": {
      "chains": [
        {
          "chainId": "navigateToCreateMeetingsChain"
        }
      ]
    },
    "oj_table_780344990_1SelectionChanged": {
      "chains": [
        {
          "chainId": "oj_table_780344990_1ChangeSelectionChain",
          "parameters": {
            "meetingsId": "[[ ($event.detail.value && $event.detail.value[0] && 'row' in $event.detail.value[0].startKey) ? $event.detail.value[0].startKey.row : '' ]]"
          }
        }
      ]
    },
    "editMeetingsButtonClicked": {
      "chains": [
        {
          "chainId": "navigateToEditMeetingsChain"
        }
      ]
    },
    "deleteMeetingsButtonClicked": {
      "chains": [
        {
          "chainId": "deleteMeetingsChain"
        }
      ]
    }
  },
  "imports": {
    "components": {
      "oj-form-layout": {
        "path": "ojs/ojformlayout"
      },
      "oj-input-text": {
        "path": "ojs/ojinputtext"
      },
      "oj-input-date": {
        "path": "ojs/ojdatetimepicker"
      },
      "oj-switch": {
        "path": "ojs/ojswitch"
      },
      "oj-toolbar": {
        "path": "ojs/ojtoolbar"
      },
      "oj-button": {
        "path": "ojs/ojbutton"
      },
      "oj-table": {
        "path": "ojs/ojtable"
      },
      "oj-label": {
        "path": "ojs/ojlabel"
      },
      "oj-text-area": {
        "path": "ojs/ojinputtext"
      }
    }
  }
}