{
  "pageModelVersion": "18.3.3",
  "title": "My Travel Request",
  "description": "The starting page of the flow",
  "variables": {
    "travelRequestListServiceDataProvider": {
      "type": "vb/ServiceDataProvider",
      "defaultValue": {
        "endpoint": "businessObjects/getall_TravelRequest",
        "idAttribute": "id",
        "itemsPath": "items",
        "responseType": "flow:getallTravelRequestResponse",
        "filterCriterion": {
          "op": "{{ \"$or\" }}",
          "criteria": [
            {
              "attribute": "{{ \"createdBy\" }}",
              "op": "{{ \"$eq\" }}",
              "value": "{{ $application.user.userId }}"
            }
          ]
        }
      }
    },
    "oj_table_2037649335_1SelectedId": {
      "type": "string",
      "defaultValue": ""
    },
    "travelRequestListServiceDataProvider2": {
      "type": "vb/ServiceDataProvider",
      "defaultValue": {
        "endpoint": "businessObjects/getall_TravelRequest",
        "idAttribute": "id",
        "itemsPath": "items",
        "responseType": "flow:getallTravelRequestResponse2",
        "filterCriterion": {
          "op": "{{ \"$or\" }}",
          "criteria": [
            {
              "attribute": "{{ \"createdBy\" }}",
              "op": "{{ \"$eq\" }}",
              "value": "{{ $application.user.userId }}"
            }
          ]
        }
      }
    }
  },
  "types": {},
  "chains": {
    "navigateToCreateTravelRequestChain": {
      "root": "navigateToCreate",
      "actions": {
        "navigateToCreate": {
          "module": "vb/action/builtin/navigateToPageAction",
          "parameters": {
            "history": "push",
            "page": "travel-create-travel-request",
            "params": {}
          },
          "outcomes": {
            "success": ""
          }
        }
      }
    },
    "oj_table_2037649335_1ChangeSelectionChain": {
      "variables": {
        "travelRequestId": {
          "type": "string",
          "input": "fromCaller",
          "defaultValue": ""
        }
      },
      "root": "assignVariable",
      "actions": {
        "assignVariable": {
          "module": "vb/action/builtin/assignVariablesAction",
          "parameters": {
            "$page.variables.oj_table_2037649335_1SelectedId": {
              "source": "[[ $chain.variables.travelRequestId ]]"
            }
          },
          "outcomes": {
            "success": ""
          }
        }
      }
    },
    "navigateToEditTravelRequestChain": {
      "root": "navigateToEdit",
      "actions": {
        "navigateToEdit": {
          "module": "vb/action/builtin/navigateToPageAction",
          "parameters": {
            "history": "push",
            "page": "travel-edit-travel-request",
            "params": {
              "travelRequestId": "[[ $page.variables.oj_table_2037649335_1SelectedId ]]"
            }
          },
          "outcomes": {
            "success": ""
          }
        }
      }
    },
    "deleteTravelRequestChain": {
      "root": "deleteTravelRequest",
      "variables": {
        "travelRequestId": {
          "type": "string",
          "input": "fromCaller",
          "defaultValue": "{{ $page.variables.oj_table_2037649335_1SelectedId }}"
        }
      },
      "actions": {
        "deleteTravelRequest": {
          "module": "vb/action/builtin/restAction",
          "parameters": {
            "endpoint": "businessObjects/delete_TravelRequest",
            "uriParams": {
              "TravelRequest_Id": "{{ $chain.variables.travelRequestId }}"
            }
          },
          "outcomes": {
            "success": "refreshDataProvider",
            "failure": "fireErrorNotification"
          }
        },
        "refreshDataProvider": {
          "module": "vb/action/builtin/fireDataProviderEventAction",
          "outcomes": {
            "success": "fireSuccessNotification"
          },
          "parameters": {
            "refresh": "",
            "target": "{{ $page.variables.travelRequestListServiceDataProvider }}"
          }
        },
        "fireSuccessNotification": {
          "module": "vb/action/builtin/fireNotificationEventAction",
          "parameters": {
            "message": "{{ 'TravelRequest [' + $chain.variables.travelRequestId + '] successfully deleted' }}",
            "type": "confirmation",
            "displayMode": "transient"
          },
          "outcomes": {}
        },
        "fireErrorNotification": {
          "module": "vb/action/builtin/fireNotificationEventAction",
          "parameters": {
            "message": "{{ 'Could not delete data: status ' + $chain.results.deleteTravelRequest.payload.status }}",
            "type": "error",
            "displayMode": "persist"
          },
          "outcomes": {}
        }
      }
    }
  },
  "eventListeners": {
    "createTravelRequestButtonClicked": {
      "chains": [
        {
          "chainId": "navigateToCreateTravelRequestChain"
        }
      ]
    },
    "oj_table_2037649335_1SelectionChanged": {
      "chains": [
        {
          "chainId": "oj_table_2037649335_1ChangeSelectionChain",
          "parameters": {
            "travelRequestId": "[[ ($event.detail.value && $event.detail.value[0] && 'row' in $event.detail.value[0].startKey) ? $event.detail.value[0].startKey.row : '' ]]"
          }
        }
      ]
    },
    "editTravelRequestButtonClicked": {
      "chains": [
        {
          "chainId": "navigateToEditTravelRequestChain"
        }
      ]
    },
    "deleteTravelRequestButtonClicked": {
      "chains": [
        {
          "chainId": "deleteTravelRequestChain"
        }
      ]
    }
  },
  "imports": {
    "components": {
      "oj-table": {
        "path": "ojs/ojtable"
      },
      "oj-toolbar": {
        "path": "ojs/ojtoolbar"
      },
      "oj-button": {
        "path": "ojs/ojbutton"
      },
      "oj-label": {
        "path": "ojs/ojlabel"
      },
      "oj-input-date": {
        "path": "ojs/ojdatetimepicker"
      }
    }
  },
  "translations": {
    "Travel": {
      "path": "./resources/strings/Travel/nls/Travel-strings"
    }
  }
}