id,creationDate,lastUpdateDate,createdBy,lastUpdatedBy,name,building,address,postalCode,city,state,country
1,2018-06-19T04:27:21,2018-08-29T14:54:18,rodney.sowirono@oracle.com,rodney.sowirono@oracle.com,Floor 1,Galaxis,"1 Fusionopolis Place, Level 12, Galaxis",138522,Singapore,NA,Singapore
2,2018-06-19T04:27:21,2018-08-16T03:16:44,rodney.sowirono@oracle.com,rodney.sowirono@oracle.com,Floor 2,Galaxis,,,Singapore,,Singapore
3,2018-06-19T04:27:21,2018-08-16T03:17:53,rodney.sowirono@oracle.com,rodney.sowirono@oracle.com,Floor 3,Galaxis,,,Singapore,,Singapore
4,2018-06-19T04:27:21,2018-08-16T03:18:13,rodney.sowirono@oracle.com,rodney.sowirono@oracle.com,Floor 4,Galaxis,,,Singapore,,Singapore
