{
    "fields": [
        {
            "hidden": false,
            "id": "id",
            "internal": true,
            "key": true,
            "oid": "e3a21e8e-96e7-49b7-a645-d99a7b1c2a4c",
            "required": true,
            "singularName": "Id",
            "type": "number",
            "unique": true
        },
        {
            "hidden": false,
            "id": "creationDate",
            "internal": true,
            "key": false,
            "oid": "55983954-d4dd-4070-8ed7-a2f7294e5063",
            "singularName": "Creation Date",
            "type": "datetime"
        },
        {
            "hidden": false,
            "id": "lastUpdateDate",
            "internal": true,
            "key": false,
            "oid": "2cb56a88-6463-413b-b8e7-7fa1f1f89da5",
            "singularName": "Last Update Date",
            "type": "datetime"
        },
        {
            "hidden": false,
            "id": "createdBy",
            "internal": true,
            "key": false,
            "oid": "9f299364-6926-4294-8a5b-90072090f68b",
            "singularName": "Created By",
            "type": "string"
        },
        {
            "hidden": false,
            "id": "lastUpdatedBy",
            "internal": true,
            "key": false,
            "oid": "84dd6b45-180a-4f35-896f-46e5ff8ecbeb",
            "singularName": "Last Updated By",
            "type": "string"
        },
        {
            "hidden": true,
            "id": "abcsChangeNumber",
            "internal": true,
            "key": false,
            "oid": "a2e1f616-2c94-40ce-a55e-c879b1a81898",
            "singularName": "Update ID",
            "type": "number"
        },
        {
            "id": "name",
            "oid": "4be0f9ee-2198-48e0-9177-e0d6ee92621d",
            "required": true,
            "singularName": "Name",
            "type": "string"
        },
        {
            "id": "building",
            "oid": "c012185d-0be5-4e64-9198-c817aa562088",
            "singularName": "Building",
            "type": "string"
        },
        {
            "id": "address",
            "oid": "a3403330-fa17-4672-9498-dcdb0bfa0f69",
            "singularName": "Address",
            "type": "string"
        },
        {
            "id": "postalCode",
            "oid": "fd71a162-4e8a-483c-9684-68f0eb0f70dd",
            "singularName": "Postal Code",
            "type": "string"
        },
        {
            "id": "city",
            "oid": "e9a22557-0795-4367-80f0-286e2b339a10",
            "singularName": "City",
            "type": "string"
        },
        {
            "id": "state",
            "oid": "00c473c0-28bf-4a8d-a9ff-af5a726f82e2",
            "singularName": "State",
            "type": "string"
        },
        {
            "id": "country",
            "oid": "c5dbda5a-c694-48ec-bb0b-b2cc6a86ce06",
            "singularName": "Country",
            "type": "string"
        }
    ],
    "id": "Location",
    "oid": "34b63561-ca78-427b-ab95-90857b9d418c",
    "singularName": "Location",
    "relations": []
}