id,creationDate,lastUpdateDate,createdBy,lastUpdatedBy,title
1,2018-08-21T04:50:24,2018-08-21T04:50:24.014,rodney.sowirono@oracle.com,rodney.sowirono@oracle.com,Manager
2,2018-08-21T04:51:06,2018-08-21T04:51:06.005,rodney.sowirono@oracle.com,rodney.sowirono@oracle.com,Barista
3,2018-08-21T04:51:24,2018-08-21T04:51:24.008,rodney.sowirono@oracle.com,rodney.sowirono@oracle.com,Store Manager
4,2018-08-21T04:51:34,2018-08-21T04:51:34.006,rodney.sowirono@oracle.com,rodney.sowirono@oracle.com,Assistant Store Manager
5,2018-08-21T04:51:49,2018-08-21T04:51:49.008,rodney.sowirono@oracle.com,rodney.sowirono@oracle.com,Cashier
6,2018-08-21T04:52:17,2018-08-21T04:52:17.005,rodney.sowirono@oracle.com,rodney.sowirono@oracle.com,Accountant
