{
  "pageModelVersion": "18.3.3",
  "title": "My Activities",
  "description": "The starting page of the flow",
  "variables": {
    "activityTrackerListServiceDataProvider": {
      "type": "vb/ServiceDataProvider",
      "defaultValue": {
        "endpoint": "businessObjects/getall_ActivityTracker",
        "idAttribute": "id",
        "itemsPath": "items",
        "responseType": "flow:getallActivityTrackerResponse",
        "filterCriterion": {
          "op": "{{ \"$or\" }}",
          "criteria": [
            {
              "attribute": "{{ \"createdBy\" }}",
              "op": "{{ \"$eq\" }}",
              "value": "{{ $application.user.userId }}"
            }
          ]
        }
      }
    },
    "oj_table_1430393018_1SelectedId": {
      "type": "string",
      "defaultValue": ""
    }
  },
  "types": {},
  "chains": {
    "navigateToCreateActivityTrackerChain": {
      "root": "navigateToCreate",
      "actions": {
        "navigateToCreate": {
          "module": "vb/action/builtin/navigateToPageAction",
          "parameters": {
            "history": "push",
            "page": "track-create-activity-tracker",
            "params": {}
          },
          "outcomes": {
            "success": ""
          }
        }
      }
    },
    "oj_table_1430393018_1ChangeSelectionChain": {
      "variables": {
        "activityTrackerId": {
          "type": "string",
          "input": "fromCaller",
          "defaultValue": ""
        }
      },
      "root": "assignVariable",
      "actions": {
        "assignVariable": {
          "module": "vb/action/builtin/assignVariablesAction",
          "parameters": {
            "$page.variables.oj_table_1430393018_1SelectedId": {
              "source": "[[ $chain.variables.activityTrackerId ]]"
            }
          },
          "outcomes": {
            "success": ""
          }
        }
      }
    },
    "navigateToEditActivityTrackerChain": {
      "root": "navigateToEdit",
      "actions": {
        "navigateToEdit": {
          "module": "vb/action/builtin/navigateToPageAction",
          "parameters": {
            "history": "push",
            "page": "track-edit-activity-tracker",
            "params": {
              "activityTracker": "[[ $page.variables.oj_table_1430393018_1SelectedId ]]"
            }
          },
          "outcomes": {
            "success": ""
          }
        }
      }
    },
    "deleteActivityTrackerChain": {
      "root": "deleteActivityTracker",
      "variables": {
        "activityTrackerId": {
          "type": "string",
          "input": "fromCaller",
          "defaultValue": "{{ $page.variables.oj_table_1430393018_1SelectedId }}"
        }
      },
      "actions": {
        "deleteActivityTracker": {
          "module": "vb/action/builtin/restAction",
          "parameters": {
            "endpoint": "businessObjects/delete_ActivityTracker",
            "uriParams": {
              "ActivityTracker_Id": "{{ $chain.variables.activityTrackerId }}"
            }
          },
          "outcomes": {
            "success": "refreshDataProvider",
            "failure": "fireErrorNotification"
          }
        },
        "refreshDataProvider": {
          "module": "vb/action/builtin/fireDataProviderEventAction",
          "outcomes": {
            "success": "fireSuccessNotification"
          },
          "parameters": {
            "refresh": "",
            "target": "{{ $page.variables.activityTrackerListServiceDataProvider }}"
          }
        },
        "fireSuccessNotification": {
          "module": "vb/action/builtin/fireNotificationEventAction",
          "parameters": {
            "message": "{{ 'ActivityTracker [' + $chain.variables.activityTrackerId + '] successfully deleted' }}",
            "type": "confirmation",
            "displayMode": "transient"
          },
          "outcomes": {}
        },
        "fireErrorNotification": {
          "module": "vb/action/builtin/fireNotificationEventAction",
          "parameters": {
            "message": "{{ 'Could not delete data: status ' + $chain.results.deleteActivityTracker.payload.status }}",
            "type": "error",
            "displayMode": "persist"
          },
          "outcomes": {}
        }
      }
    }
  },
  "eventListeners": {
    "createActivityTrackerButtonClicked": {
      "chains": [
        {
          "chainId": "navigateToCreateActivityTrackerChain"
        }
      ]
    },
    "oj_table_1430393018_1SelectionChanged": {
      "chains": [
        {
          "chainId": "oj_table_1430393018_1ChangeSelectionChain",
          "parameters": {
            "activityTrackerId": "[[ ($event.detail.value && $event.detail.value[0] && 'row' in $event.detail.value[0].startKey) ? $event.detail.value[0].startKey.row : '' ]]"
          }
        }
      ]
    },
    "editActivityTrackerButtonClicked": {
      "chains": [
        {
          "chainId": "navigateToEditActivityTrackerChain"
        }
      ]
    },
    "deleteActivityTrackerButtonClicked": {
      "chains": [
        {
          "chainId": "deleteActivityTrackerChain"
        }
      ]
    }
  },
  "imports": {
    "components": {
      "oj-table": {
        "path": "ojs/ojtable"
      },
      "oj-toolbar": {
        "path": "ojs/ojtoolbar"
      },
      "oj-button": {
        "path": "ojs/ojbutton"
      },
      "oj-label": {
        "path": "ojs/ojlabel"
      },
      "oj-input-date": {
        "path": "ojs/ojdatetimepicker"
      }
    }
  },
  "translations": {
  }
}