{
  "pageModelVersion": "18.3.3",
  "title": "Edit Activity Tracker",
  "description": "Updates single ActivityTracker record",
  "variables": {
    "activityTrackerRecord": {
      "type": "flow:updateActivityTrackerRequest"
    },
    "activityTrackerRecordETag": {
      "type": "string"
    },
    "trackerLineItemListServiceDataProvider": {
      "type": "vb/ServiceDataProvider",
      "defaultValue": {
        "endpoint": "businessObjects/getall_TrackerLineItem",
        "idAttribute": "id",
        "itemsPath": "items",
        "responseType": "flow:getallTrackerLineItemResponse",
        "filterCriterion": {
          "criteria": [
            {
              "attribute": "{{ \"activityTracker\" }}",
              "op": "{{ \"$eq\" }}",
              "value": "{{ $page.variables.activityTracker }}"
            }
          ],
          "op": "{{ \"$or\" }}"
        }
      }
    },
    "oj_table_1133211628_1SelectedId": {
      "type": "string",
      "defaultValue": ""
    },
    "activityTracker": {
      "type": "string",
      "required": true,
      "input": "fromUrl"
    }
  },
  "types": {},
  "chains": {
    "goBackChain": {
      "root": "navigateBack",
      "actions": {
        "navigateBack": {
          "module": "vb/action/builtin/navigateBackAction",
          "outcomes": {
            "success": ""
          }
        }
      }
    },
    "loadActivityTrackerChain": {
      "root": "loadActivityTracker",
      "actions": {
        "loadActivityTracker": {
          "module": "vb/action/builtin/restAction",
          "parameters": {
            "endpoint": "businessObjects/get_ActivityTracker",
            "uriParams": {
              "ActivityTracker_Id": "{{ $page.variables.activityTracker }}"
            },
            "responseType": "flow:updateActivityTrackerRequest"
          },
          "outcomes": {
            "success": "assignPayload",
            "failure": "fireErrorNotification"
          }
        },
        "assignPayload": {
          "module": "vb/action/builtin/assignVariablesAction",
          "parameters": {
            "$page.variables.activityTrackerRecord": {
              "source": "{{ $chain.results.loadActivityTracker.body }}"
            },
            "$page.variables.activityTrackerRecordETag": {
              "source": "[[ $chain.results.loadActivityTracker.headers.get('ETag') ]]"
            }
          },
          "outcomes": {}
        },
        "fireErrorNotification": {
          "module": "vb/action/builtin/fireNotificationEventAction",
          "parameters": {
            "message": "{{ 'Could not load data: status ' + $chain.results.loadActivityTracker.payload.status }}",
            "type": "error",
            "displayMode": "persist"
          },
          "outcomes": {}
        }
      }
    },
    "saveActivityTrackerChain": {
      "variables": {
        "saveFailureResult": {
          "type": "flow:businessObjectServiceErrorResponseType"
        },
        "errorMessage": {
          "type": "string"
        },
        "saveHeaders": {
          "type": "object"
        }
      },
      "root": "checkETag",
      "actions": {
        "checkETag": {
          "module": "vb/action/builtin/ifAction",
          "parameters": {
            "condition": "[[ $page.variables.activityTrackerRecordETag ]]"
          },
          "outcomes": {
            "true": "assignIfMatchHeader",
            "false": "saveActivityTracker"
          }
        },
        "assignIfMatchHeader": {
          "module": "vb/action/builtin/assignVariablesAction",
          "parameters": {
            "$chain.variables.saveHeaders": {
              "source": "[[ { 'If-Match': $page.variables.activityTrackerRecordETag } ]]"
            }
          },
          "outcomes": {
            "success": "saveActivityTracker"
          }
        },
        "saveActivityTracker": {
          "module": "vb/action/builtin/restAction",
          "parameters": {
            "endpoint": "businessObjects/update_ActivityTracker",
            "body": "{{ $page.variables.activityTrackerRecord }}",
            "requestType": "json",
            "uriParams": {
              "ActivityTracker_Id": "{{ $page.variables.activityTracker }}"
            },
            "headers": "[[ $chain.variables.saveHeaders ]]"
          },
          "outcomes": {
            "success": "assignPayload",
            "failure": "assignFailureResult"
          }
        },
        "assignPayload": {
          "module": "vb/action/builtin/assignVariablesAction",
          "parameters": {
            "$page.variables.activityTrackerRecord": {
              "source": "{{ $chain.results.saveActivityTracker.body }}"
            },
            "$page.variables.activityTrackerRecordETag": {
              "source": "[[ $chain.results.saveActivityTracker.headers.get('ETag') ]]"
            }
          },
          "outcomes": {
            "success": "fireSuccessNotification"
          }
        },
        "fireSuccessNotification": {
          "module": "vb/action/builtin/fireNotificationEventAction",
          "parameters": {
            "message": "ActivityTracker record successfully updated",
            "type": "confirmation",
            "displayMode": "transient"
          },
          "outcomes": {
            "success": "callGoBackChain"
          }
        },
        "callGoBackChain": {
          "module": "vb/action/builtin/callChainAction",
          "parameters": {
            "id": "goBackChain"
          }
        },
        "assignFailureResult": {
          "module": "vb/action/builtin/assignVariablesAction",
          "parameters": {
            "$chain.variables.saveFailureResult": {
              "source": "[[ $chain.results.saveActivityTracker.payload ]]",
              "mapping": {
                "$target": "$source",
                "$target.body.o_errorDetails": {
                  "source": "$source.body['o:errorDetails'] || []",
                  "mapping": {
                    "$target.o_errorCode": "$source['o:errorCode']",
                    "$target.detail": "$source.detail"
                  }
                }
              }
            }
          },
          "outcomes": {
            "success": "testFailureDetails"
          }
        },
        "testFailureDetails": {
          "module": "vb/action/builtin/ifAction",
          "outcomes": {
            "true": "handleDetailedErrorMessage",
            "false": "handleDefaultErrorMessage"
          },
          "parameters": {
            "condition": "[[ $chain.variables.saveFailureResult.body.o_errorDetails[0] ]]"
          }
        },
        "handleDetailedErrorMessage": {
          "module": "vb/action/builtin/assignVariablesAction",
          "outcomes": {
            "success": "fireErrorNotification"
          },
          "parameters": {
            "$chain.variables.errorMessage": {
              "source": "[[ $chain.variables.saveFailureResult.body.o_errorDetails[0].detail ]]"
            }
          }
        },
        "handleDefaultErrorMessage": {
          "module": "vb/action/builtin/assignVariablesAction",
          "outcomes": {
            "success": "fireErrorNotification"
          },
          "parameters": {
            "$chain.variables.errorMessage": {
              "source": "[[ 'Could not update ActivityTracker: status ' + $chain.results.saveActivityTracker.payload.status ]]"
            }
          }
        },
        "fireErrorNotification": {
          "module": "vb/action/builtin/fireNotificationEventAction",
          "parameters": {
            "message": "[[ $chain.variables.errorMessage ]]",
            "type": "error",
            "displayMode": "persist"
          }
        }
      }
    },
    "navigateToCreateTrackerLineItemChain": {
      "root": "navigateToCreate",
      "actions": {
        "navigateToCreate": {
          "module": "vb/action/builtin/navigateToPageAction",
          "parameters": {
            "history": "push",
            "page": "track-create-tracker-line-item",
            "params": {
              "activityTracker": "{{ $page.variables.activityTracker }}"
            }
          },
          "outcomes": {
            "success": ""
          }
        }
      }
    },
    "oj_table_1133211628_1ChangeSelectionChain": {
      "variables": {
        "trackerLineItemId": {
          "type": "string",
          "input": "fromCaller",
          "defaultValue": ""
        }
      },
      "root": "assignVariable",
      "actions": {
        "assignVariable": {
          "module": "vb/action/builtin/assignVariablesAction",
          "parameters": {
            "$page.variables.oj_table_1133211628_1SelectedId": {
              "source": "[[ $chain.variables.trackerLineItemId ]]"
            }
          },
          "outcomes": {
            "success": ""
          }
        }
      }
    },
    "navigateToEditTrackerLineItemChain": {
      "root": "navigateToEdit",
      "actions": {
        "navigateToEdit": {
          "module": "vb/action/builtin/navigateToPageAction",
          "parameters": {
            "history": "push",
            "page": "track-edit-tracker-line-item",
            "params": {
              "trackerLineItemId": "[[ $page.variables.oj_table_1133211628_1SelectedId ]]"
            }
          },
          "outcomes": {
            "success": ""
          }
        }
      }
    },
    "deleteTrackerLineItemChain": {
      "root": "deleteTrackerLineItem",
      "variables": {
        "trackerLineItemId": {
          "type": "string",
          "input": "fromCaller",
          "defaultValue": "{{ $page.variables.oj_table_1133211628_1SelectedId }}"
        }
      },
      "actions": {
        "deleteTrackerLineItem": {
          "module": "vb/action/builtin/restAction",
          "parameters": {
            "endpoint": "businessObjects/delete_TrackerLineItem",
            "uriParams": {
              "TrackerLineItem_Id": "{{ $chain.variables.trackerLineItemId }}"
            }
          },
          "outcomes": {
            "success": "refreshDataProvider",
            "failure": "fireErrorNotification"
          }
        },
        "refreshDataProvider": {
          "module": "vb/action/builtin/fireDataProviderEventAction",
          "outcomes": {
            "success": "fireSuccessNotification"
          },
          "parameters": {
            "refresh": "",
            "target": "{{ $page.variables.trackerLineItemListServiceDataProvider }}"
          }
        },
        "fireSuccessNotification": {
          "module": "vb/action/builtin/fireNotificationEventAction",
          "parameters": {
            "message": "{{ 'TrackerLineItem [' + $chain.variables.trackerLineItemId + '] successfully deleted' }}",
            "type": "confirmation",
            "displayMode": "transient"
          },
          "outcomes": {}
        },
        "fireErrorNotification": {
          "module": "vb/action/builtin/fireNotificationEventAction",
          "parameters": {
            "message": "{{ 'Could not delete data: status ' + $chain.results.deleteTrackerLineItem.payload.status }}",
            "type": "error",
            "displayMode": "persist"
          },
          "outcomes": {}
        }
      }
    }
  },
  "eventListeners": {
    "backButtonClicked": {
      "chains": [
        {
          "chainId": "goBackChain"
        }
      ]
    },
    "saveButtonClicked": {
      "chains": [
        {
          "chainId": "saveActivityTrackerChain"
        }
      ]
    },
    "vbEnter": {
      "chains": [
        {
          "chainId": "loadActivityTrackerChain"
        }
      ]
    },
    "createTrackerLineItemButtonClicked": {
      "chains": [
        {
          "chainId": "navigateToCreateTrackerLineItemChain"
        }
      ]
    },
    "oj_table_1133211628_1SelectionChanged": {
      "chains": [
        {
          "chainId": "oj_table_1133211628_1ChangeSelectionChain",
          "parameters": {
            "trackerLineItemId": "[[ ($event.detail.value && $event.detail.value[0] && 'row' in $event.detail.value[0].startKey) ? $event.detail.value[0].startKey.row : '' ]]"
          }
        }
      ]
    },
    "editTrackerLineItemButtonClicked": {
      "chains": [
        {
          "chainId": "navigateToEditTrackerLineItemChain"
        }
      ]
    },
    "deleteTrackerLineItemButtonClicked": {
      "chains": [
        {
          "chainId": "deleteTrackerLineItemChain"
        }
      ]
    }
  },
  "imports": {
    "components": {
      "oj-form-layout": {
        "path": "ojs/ojformlayout"
      },
      "oj-input-text": {
        "path": "ojs/ojinputtext"
      },
      "oj-input-date": {
        "path": "ojs/ojdatetimepicker"
      },
      "oj-toolbar": {
        "path": "ojs/ojtoolbar"
      },
      "oj-button": {
        "path": "ojs/ojbutton"
      },
      "oj-table": {
        "path": "ojs/ojtable"
      },
      "oj-label": {
        "path": "ojs/ojlabel"
      }
    }
  }
}