id,creationDate,lastUpdateDate,createdBy,lastUpdatedBy,name,currency,code
1,2018-08-10T07:35:49,2018-08-10T07:35:49.007,rodney.sowirono@oracle.com,rodney.sowirono@oracle.com,Singapore,SGD,SG
2,2018-08-10T07:36:06,2018-08-10T07:36:06.005,rodney.sowirono@oracle.com,rodney.sowirono@oracle.com,Malaysia,MYR,MY
3,2018-08-12T08:36:36,2018-08-12T08:36:36.006,rodney.sowirono@oracle.com,rodney.sowirono@oracle.com,United States,USD,US
4,2019-02-22T02:49:55,2019-02-22T02:49:55.112,vbcs.demo,vbcs.demo,Thailand,THB,TH
5,2019-02-22T02:50:32,2019-02-22T02:50:32.117,vbcs.demo,vbcs.demo,Indonesia,IDR,ID
6,2019-02-22T02:51:12,2019-02-22T02:51:12.114,vbcs.demo,vbcs.demo,Australia,AUD,AU
