{
  "dashboard-key" : "Dashboard",
  "@dashboard-key" : {
    "description" : "Dashboard",
    "source_text" : "Dashboard"
  },
  "leave-approvals-key" : "leave approvals",
  "@leave-approvals-key" : {
    "description" : "leave approvals",
    "source_text" : "leave approvals"
  },
  "pending-travel-approvals-key" : "pending travel approvals",
  "@pending-travel-approvals-key" : {
    "description" : "pending travel approvals",
    "source_text" : "pending travel approvals"
  },
  "pending-expense-approvals-key" : "pending expense approvals",
  "@pending-expense-approvals-key" : {
    "description" : "pending expense approvals",
    "source_text" : "pending expense approvals"
  },
  "Manager-Access-key" : "Manager Access",
  "@Manager-Access-key" : {
    "description" : "Manager Access",
    "source_text" : "Manager Access"
  },
  "Leave-key" : "Leave",
  "@Leave-key" : {
    "description" : "Leave",
    "source_text" : "Leave"
  },
  "Expenses-key" : "Expenses",
  "@Expenses-key" : {
    "description" : "Expenses",
    "source_text" : "Expenses"
  },
  "Travel-key" : "Travel",
  "@Travel-key" : {
    "description" : "Travel",
    "source_text" : "Travel"
  },
  "Activities-key" : "Activities",
  "@Activities-key" : {
    "description" : "Activities",
    "source_text" : "Activities"
  },
  "Status-key" : "Status",
  "@Status-key" : {
    "description" : "Status",
    "source_text" : "Status"
  },
  "Expense-Type-key" : "Expense Type",
  "@Expense-Type-key" : {
    "description" : "Expense Type",
    "source_text" : "Expense Type"
  },
  "Amount-key" : "Amount",
  "@Amount-key" : {
    "description" : "Amount",
    "source_text" : "Amount"
  },
  "Leave-Application-key" : "Leave Application",
  "@Leave-Application-key" : {
    "description" : "Leave Application",
    "source_text" : "Leave Application"
  },
  "Period-key" : "Period",
  "@Period-key" : {
    "description" : "Period",
    "source_text" : "Period"
  },
  "Leave-Type-key" : "Leave Type",
  "@Leave-Type-key" : {
    "description" : "Leave Type",
    "source_text" : "Leave Type"
  },
  "From-Date-key" : "From Date",
  "@From-Date-key" : {
    "description" : "From Date",
    "source_text" : "From Date"
  },
  "To-Date-key" : "To Date",
  "@To-Date-key" : {
    "description" : "To Date",
    "source_text" : "To Date"
  },
  "Leave-Footer-Text-key" : "Paternity Leave (max 10 days) | Childcare Leave - For children below 7 yrs (max 6\n  days)* | Extended Childcare Leave - For children between 7-12 yrs (max 2 days)*\n  | Sick Leave | Marriage Leave | Examination Leave | Compassionate Leave | Vacation/Annual\n  Leave | UNPAID Leave - Infant Care (max 6 days)",
  "@Leave-Footer-Text-key" : {
    "description" : "",
    "source_text" : "Paternity Leave (max 10 days) | Childcare Leave - For children below 7 yrs (max 6\n  days)* | Extended Childcare Leave - For children between 7-12 yrs (max 2 days)*\n  | Sick Leave | Marriage Leave | Examination Leave | Compassionate Leave | Vacation/Annual\n  Leave | UNPAID Leave - Infant Care (max 6 days)"
  },
  "Edit-key" : "Edit",
  "@Edit-key" : {
    "description" : "",
    "source_text" : "Edit"
  },
  "Delete-key" : "Delete",
  "@Delete-key" : {
    "description" : "Delete",
    "source_text" : "Delete"
  },
  "Edit-Leave-Application-key" : "Edit Leave Application",
  "@Edit-Leave-Application-key" : {
    "description" : "",
    "source_text" : "Edit Leave Application"
  },
  "Comments-key" : "Comments",
  "@Comments-key" : {
    "description" : "",
    "source_text" : "Comments"
  },
  "Cancel-key" : "Cancel",
  "@Cancel-key" : {
    "description" : "",
    "source_text" : "Cancel"
  },
  "Save-key" : "Save",
  "@Save-key" : {
    "description" : "",
    "source_text" : "Save"
  },
  "Add-Leave-Application-key" : "Add Leave Application",
  "@Add-Leave-Application-key" : {
    "description" : "",
    "source_text" : "Add Leave Application"
  },
  "Filter-key" : "Filter:",
  "@Filter-key" : {
    "description" : "",
    "source_text" : "Filter:"
  },
  "Sort-By-key" : "Sort By:",
  "@Sort-By-key" : {
    "description" : "",
    "source_text" : "Sort By:"
  },
  "Country-key" : "Country",
  "@Country-key" : {
    "description" : "",
    "source_text" : "Country"
  },
  "Start-Date-key" : "Start Date",
  "@Start-Date-key" : {
    "description" : "",
    "source_text" : "Start Date"
  },
  "End-Date-key" : "End Date",
  "@End-Date-key" : {
    "description" : "",
    "source_text" : "End Date"
  },
  "Create-Expense-Report-key" : "Create Expense Report",
  "@Create-Expense-Report-key" : {
    "description" : "",
    "source_text" : "Create Expense Report"
  },
  "Name-key" : "Name",
  "@Name-key" : {
    "description" : "",
    "source_text" : "Name"
  },
  "Description-key" : "Description",
  "@Description-key" : {
    "description" : "",
    "source_text" : "Description"
  },
  "Justification-key" : "Justification",
  "@Justification-key" : {
    "description" : "",
    "source_text" : "Justification"
  },
  "Exchange-Rate-key" : "Exchange Rate",
  "@Exchange-Rate-key" : {
    "description" : "",
    "source_text" : "Exchange Rate"
  },
  "Amount-USD-key" : "Amount in USD",
  "@Amount-USD-key" : {
    "description" : "",
    "source_text" : "Amount in USD"
  },
  "Expense-Report-key" : "Expense Report:",
  "@Expense-Report-key" : {
    "description" : "",
    "source_text" : "Expense Report:"
  },
  "Line-Items-key" : "Line Items",
  "@Line-Items-key" : {
    "description" : "",
    "source_text" : "Line Items"
  },
  "Type-key" : "Type",
  "@Type-key" : {
    "description" : "",
    "source_text" : "Type"
  },
  "Date-key" : "Date",
  "@Date-key" : {
    "description" : "",
    "source_text" : "Date"
  },
  "Add-key" : "Add",
  "@Add-key" : {
    "description" : "",
    "source_text" : "Add"
  },
  "Delete-Line-Item-key" : "Delete Line Item",
  "@Delete-Line-Item-key" : {
    "description" : "",
    "source_text" : "Delete Line Item"
  },
  "My-Profile-key" : "My Profile",
  "@My-Profile-key" : {
    "description" : "",
    "source_text" : "My Profile"
  },
  "Other-Details-key" : "Other Details",
  "@Other-Details-key" : {
    "description" : "",
    "source_text" : "Other Details"
  },
  "Payslip-key" : "Payslip",
  "@Payslip-key" : {
    "description" : "",
    "source_text" : "Payslip"
  },
  "Download-Payslip-key" : "Download Payslip",
  "@Download-Payslip-key" : {
    "description" : "",
    "source_text" : "Download Payslip"
  },
  "About-key" : "About",
  "@About-key" : {
    "description" : "",
    "source_text" : "About"
  },
  "Email-key" : "Email",
  "@Email-key" : {
    "description" : "",
    "source_text" : "Email"
  },
  "Authenticated-key" : "Authenticated",
  "@Authenticated-key" : {
    "description" : "",
    "source_text" : "Authenticated"
  },
  "UserID-key" : "UserID",
  "@UserID-key" : {
    "description" : "",
    "source_text" : "UserID"
  },
  "Roles-key" : "Roles",
  "@Roles-key" : {
    "description" : "",
    "source_text" : "Roles"
  },
  "Update-Info-key" : "Update Info",
  "@Update-Info-key" : {
    "description" : "",
    "source_text" : "Update Info"
  },
  "Department-key" : "Department",
  "@Department-key" : {
    "description" : "",
    "source_text" : "Department"
  },
  "Job-Title-key" : "Job Title",
  "@Job-Title-key" : {
    "description" : "",
    "source_text" : "Job Title"
  },
  "Hire-Date-key" : "Hire Date",
  "@Hire-Date-key" : {
    "description" : "",
    "source_text" : "Hire Date"
  },
  "Manager-key" : "Manager",
  "@Manager-key" : {
    "description" : "",
    "source_text" : "Manager"
  },
  "Home-Address-key" : "Home Address",
  "@Home-Address-key" : {
    "description" : "",
    "source_text" : "Home Address"
  },
  "Mobile-key" : "Mobile",
  "@Mobile-key" : {
    "description" : "",
    "source_text" : "Mobile"
  },
  "Phone-key" : "Phone",
  "@Phone-key" : {
    "description" : "",
    "source_text" : "Phone"
  },
  "Title-key" : "Title",
  "@Title-key" : {
    "description" : "",
    "source_text" : "Title"
  },
  "Tracker-Date-key" : "Tracker Date",
  "@Tracker-Date-key" : {
    "description" : "",
    "source_text" : "Tracker Date"
  },
  "From-key" : "From",
  "@From-key" : {
    "description" : "",
    "source_text" : "From"
  },
  "To-key" : "To",
  "@To-key" : {
    "description" : "",
    "source_text" : "To"
  },
  "Nr-Activities-key" : "Nr. of Activities",
  "@Nr-Activities-key" : {
    "description" : "",
    "source_text" : "Nr. of Activities"
  },
  "Edit-Activity-Tracker-key" : "Edit Activity Tracker",
  "@Edit-Activity-Tracker-key" : {
    "description" : "",
    "source_text" : "Edit Activity Tracker"
  },
  "Activity-key" : "Activity",
  "@Activity-key" : {
    "description" : "",
    "source_text" : "Activity"
  },
  "Result-key" : "Result",
  "@Result-key" : {
    "description" : "",
    "source_text" : "Result"
  },
  "Next-Step-key" : "Next Step",
  "@Next-Step-key" : {
    "description" : "",
    "source_text" : "Next Step"
  },
  "New-Line-Item-key" : "New Tracker Line Item",
  "@New-Line-Item-key" : {
    "description" : "",
    "source_text" : "New Tracker Line Item"
  },
  "Mode-Of-Operation-key" : "Mode Of Operation",
  "@Mode-Of-Operation-key" : {
    "description" : "",
    "source_text" : "Mode Of Operation"
  },
  "Save-and-create-key" : "Save and create new",
  "@Save-and-create-key" : {
    "description" : "",
    "source_text" : "Save and create new"
  },
  "Travel-Request-key" : "Travel Request",
  "@Travel-Request-key" : {
    "description" : "",
    "source_text" : "Travel Request"
  },
  "Destination-key" : "Travel Destination",
  "@Destination-key" : {
    "description" : "",
    "source_text" : "Travel Destination"
  },
  "New-Travel-Request-key" : "New Travel Request",
  "@New-Travel-Request-key" : {
    "description" : "",
    "source_text" : "New Travel Request"
  },
  "Save-Create-Activities-key" : "Save Create Activities",
  "@Save-Create-Activities-key" : {
    "description" : "",
    "source_text" : "Save Create Activities"
  },
  "Edit-Travel-Request-key" : "Edit Travel Request",
  "@Edit-Travel-Request-key" : {
    "description" : "",
    "source_text" : "Edit Travel Request"
  },
  "Customer-key" : "Customer",
  "@Customer-key" : {
    "description" : "",
    "source_text" : "Customer"
  },
  "Contact-key" : "Contact",
  "@Contact-key" : {
    "description" : "",
    "source_text" : "Contact"
  },
  "Deal-Size-key" : "Deal Size",
  "@Deal-Size-key" : {
    "description" : "",
    "source_text" : "Deal Size"
  },
  "Opportunity-key" : "Opportunity",
  "@Opportunity-key" : {
    "description" : "",
    "source_text" : "Opportunity"
  },
  "Target-key" : "Target",
  "@Target-key" : {
    "description" : "",
    "source_text" : "Target"
  },
  "Add-Meetings-Activities-key" : "Add Meetings / Activities",
  "@Add-Meetings-Activities-key" : {
    "description" : "",
    "source_text" : "Add Meetings / Activities"
  },
  "Edit-Meetings-Activities-key" : "Edit Meetings / Activities",
  "@Edit-Meetings-Activities-key" : {
    "description" : "",
    "source_text" : "Edit Meetings / Activities"
  },
  "Manager-Dashboard-key" : "Manager Dashboard",
  "@Manager-Dashboard-key" : {
    "description" : "",
    "source_text" : "Manager Dashboard"
  },
  "Approve-Travel-Requests-key" : "Approve Travel Requests",
  "@Approve-Travel-Requests-key" : {
    "description" : "",
    "source_text" : "Approve Travel Requests"
  },
  "Approve-Leave-Request-key" : "Approve Leave Request",
  "@Approve-Leave-Request-key" : {
    "description" : "",
    "source_text" : "Approve Leave Request"
  },
  "Approve-Expenses-key" : "Approve Expenses",
  "@Approve-Expenses-key" : {
    "description" : "",
    "source_text" : "Approve Expenses"
  },
  "Locations-key" : "Locations",
  "@Locations-key" : {
    "description" : "",
    "source_text" : "Locations"
  },
  "Departments-key" : "Departments",
  "@Departments-key" : {
    "description" : "",
    "source_text" : "Departments"
  },
  "Employees-key" : "Employees",
  "@Employees-key" : {
    "description" : "",
    "source_text" : "Employees"
  },
  "View-Approve-key" : "View / Approve",
  "@View-Approve-key" : {
    "description" : "",
    "source_text" : "View / Approve"
  },
  "Requested-By-key" : "Requested By",
  "@Requested-By-key" : {
    "description" : "",
    "source_text" : "Requested By"
  },
  "Line-Item-key" : "Line Item",
  "@Line-Item-key" : {
    "description" : "",
    "source_text" : "Line Item"
  },
  "Approved-key" : "Approved",
  "@Approved-key" : {
    "description" : "",
    "source_text" : "Approved"
  },
  "Approve-Travel-Request-key" : "Approve Travel Request:",
  "@Approve-Travel-Request-key" : {
    "description" : "",
    "source_text" : "Approve Travel Request:"
  },
  "Approve-Leave-key" : "Approve Leave Request",
  "@Approve-Leave-key" : {
    "description" : "",
    "source_text" : "Approve Leave Request"
  },
  "Employees-Department-key" : "Employees by Department",
  "@Employees-Department-key" : {
    "description" : "",
    "source_text" : "Employees by Department"
  },
  "Expenses-Country-key" : "Expenses by Country",
  "@Expenses-Country-key" : {
    "description" : "",
    "source_text" : "Expenses by Country"
  },
  "Leave-Category-key" : "Leave by Category",
  "@Leave-Category-key" : {
    "description" : "",
    "source_text" : "Leave by Category"
  },
  "chart_legend_title_a5a8" : "Department",
  "@chart_legend_title_a5a8" : {
    "description" : "",
    "source_text" : "Department"
  }
}