{
  "applicationModelVersion": "18.2.3",
  "id": "starter",
  "description": "A new VB app",
  "defaultPage": "shell",
  "chains": {},
  "services": {
    "businessObjects": "../../services/businessObjects/service.json"
  },
  "translations": {
    "app": {
      "path": "resources/nls/translations"
    },
    "nl": {
      "path": "./resources/strings/nl/nls/nl-strings"
    }
  },
  "types": {},
  "variables": {},
  "userConfig": {
    "type": "vb/DefaultSecurityProvider",
    "configuration": {}
  },
  "requirejs": {
    "paths": {
      "oj-ibsample-chat-widget": "resources/components/oj-ibsample-chat-widget"
    }
  }
}