{
    "fields": [
        {
            "id": "id",
            "internal": true,
            "key": true,
            "oid": "9732a43a-b37a-4db3-835c-fd0143d3176f",
            "required": true,
            "singularName": "Id",
            "type": "number",
            "unique": true
        },
        {
            "id": "creationDate",
            "internal": true,
            "oid": "57b94899-e4a7-4522-9c0e-477ace816d7f",
            "singularName": "Created",
            "type": "datetime"
        },
        {
            "id": "lastUpdateDate",
            "internal": true,
            "oid": "7e3ef7c4-cbc3-4d4d-970f-0b35534ad44a",
            "singularName": "Last Updated",
            "type": "datetime"
        },
        {
            "id": "createdBy",
            "internal": true,
            "oid": "41c0a276-afef-40fe-8c6d-a4fa09ea5ef5",
            "singularName": "Created By",
            "type": "string"
        },
        {
            "id": "lastUpdatedBy",
            "internal": true,
            "oid": "b89369cc-0287-4655-a51f-5604d0fc8b45",
            "singularName": "Last Updated By",
            "type": "string"
        },
        {
            "hidden": true,
            "id": "abcsChangeNumber",
            "internal": true,
            "oid": "ef94e849-3f15-41a6-a68b-0df193c470fe",
            "singularName": "<internal>",
            "type": "number"
        },
        {
            "id": "status",
            "oid": "35051055-73ee-4d31-b2e0-da6382a399f1",
            "singularName": "Status",
            "type": "string"
        },
        {
            "aggregation": {
                "aggregationFunction": "COUNT",
                "aggregationPath": [
                    {
                        "entityId": "LeaveApplication",
                        "mappingFieldId": "approved"
                    }
                ]
            },
            "id": "countStatsLeave",
            "oid": "408b3ec7-89f8-40ea-8a60-2365a4a1c932",
            "updatable": false,
            "singularName": "countStatsLeave",
            "type": "number"
        },
        {
            "aggregation": {
                "aggregationFunction": "COUNT",
                "aggregationPath": [
                    {
                        "entityId": "ExpenseReport",
                        "mappingFieldId": "approval"
                    }
                ]
            },
            "id": "countStatsExpense",
            "oid": "0aa716bd-3761-4bd8-9864-864ca0cab4bc",
            "updatable": false,
            "singularName": "countStatsExpense",
            "type": "number"
        },
        {
            "aggregation": {
                "aggregationFunction": "COUNT",
                "aggregationPath": [
                    {
                        "entityId": "TravelRequest",
                        "mappingFieldId": "approved"
                    }
                ]
            },
            "id": "countStatsTravel",
            "oid": "e763d13b-9393-4d33-b1b9-c40eca540231",
            "updatable": false,
            "singularName": "countStatsTravel",
            "type": "number"
        }
    ],
    "id": "Approval",
    "oid": "cad828bb-9d2f-492b-af26-fe77be30abed",
    "singularName": "Approval"
}