id,creationDate,lastUpdateDate,createdBy,lastUpdatedBy,name,description
1,2018-08-10T12:43:43,2018-08-31T08:36:44,rodney.sowirono@oracle.com,rodney.sowirono@oracle.com,A,A
2,2018-08-10T12:43:59,2018-08-31T08:37:00,rodney.sowirono@oracle.com,rodney.sowirono@oracle.com,B,B
3,2018-08-10T12:44:53,2018-08-31T08:37:17,rodney.sowirono@oracle.com,rodney.sowirono@oracle.com,C,C
4,2018-08-10T12:45:18,2018-08-31T08:37:30,rodney.sowirono@oracle.com,rodney.sowirono@oracle.com,D,D
5,2018-08-10T12:45:34,2018-08-31T08:37:42,rodney.sowirono@oracle.com,rodney.sowirono@oracle.com,E,E
6,2018-08-10T12:45:56,2018-08-31T08:37:53,rodney.sowirono@oracle.com,rodney.sowirono@oracle.com,F,F
