{
    "fields": [
        {
            "id": "id",
            "internal": true,
            "key": true,
            "oid": "9a9a77b4-d357-4e1e-a22f-9d705105f782",
            "required": true,
            "singularName": "Id",
            "type": "number",
            "unique": true
        },
        {
            "id": "creationDate",
            "internal": true,
            "oid": "2fc079fb-c909-4b98-ba94-ae16c0efd464",
            "singularName": "Created",
            "type": "datetime"
        },
        {
            "id": "lastUpdateDate",
            "internal": true,
            "oid": "bf5b2e29-a0ef-42b5-b38b-b8323dd0919d",
            "singularName": "Last Updated",
            "type": "datetime"
        },
        {
            "id": "createdBy",
            "internal": true,
            "oid": "c6df264d-3dbb-4cd0-84f8-1e7e9bedbee0",
            "singularName": "Created By",
            "type": "string"
        },
        {
            "id": "lastUpdatedBy",
            "internal": true,
            "oid": "34a5f30b-9898-4fdb-a967-1de4e4768a99",
            "singularName": "Last Updated By",
            "type": "string"
        },
        {
            "hidden": true,
            "id": "abcsChangeNumber",
            "internal": true,
            "oid": "7eca8a76-384c-43bd-bc8a-ee9fc466a2af",
            "singularName": "<internal>",
            "type": "number"
        },
        {
            "id": "name",
            "oid": "adf759d4-4e53-4b1c-9edd-4ff86b740e93",
            "singularName": "Name",
            "type": "string"
        },
        {
            "id": "description",
            "oid": "4fc61725-a447-4252-affc-a3597e69e9c4",
            "singularName": "Description",
            "type": "string"
        }
    ],
    "id": "ModeOfOperation",
    "oid": "aea386de-d892-4e08-bac7-bbc1e886f046",
    "singularName": "ModeOfOperation",
    "setupData": true
}