{
    "fields": [
        {
            "id": "id",
            "internal": true,
            "key": true,
            "oid": "7599fe70-ed94-426e-ad14-7fcf8f380598",
            "required": true,
            "singularName": "Id",
            "type": "number",
            "unique": true
        },
        {
            "id": "creationDate",
            "internal": true,
            "oid": "8798db8a-1be0-48c5-abd0-7a93722a8f95",
            "singularName": "Created",
            "type": "datetime"
        },
        {
            "id": "lastUpdateDate",
            "internal": true,
            "oid": "d125b3f6-e175-4251-8ff7-74035bd8367d",
            "singularName": "Last Updated",
            "type": "datetime"
        },
        {
            "id": "createdBy",
            "internal": true,
            "oid": "faef5475-524f-4c61-8fd6-0240135d3bcb",
            "singularName": "Created By",
            "type": "string"
        },
        {
            "id": "lastUpdatedBy",
            "internal": true,
            "oid": "332a2ef0-cf5d-4cf7-b4aa-83bceb8cba4c",
            "singularName": "Last Updated By",
            "type": "string"
        },
        {
            "hidden": true,
            "id": "abcsChangeNumber",
            "internal": true,
            "oid": "3b142b6f-aedd-4e85-90a3-5e3cc8e06f4c",
            "singularName": "<internal>",
            "type": "number"
        },
        {
            "id": "name",
            "oid": "44cb13e9-e308-4bb5-aec1-ed630afb7739",
            "singularName": "Name",
            "type": "string"
        },
        {
            "id": "trackerDate",
            "oid": "f482cbee-beed-4ac8-978d-c505b3350a19",
            "singularName": "Tracker Date",
            "type": "date"
        },
        {
            "id": "periodFrom",
            "oid": "ac676eda-042b-4ee6-9b46-39ec502824fd",
            "singularName": "Period From",
            "type": "date"
        },
        {
            "id": "periodTill",
            "oid": "84011e31-c73e-4a50-872e-6f3d551442ca",
            "singularName": "Period Till",
            "type": "date"
        },
        {
            "aggregation": {
                "aggregationFunction": "COUNT",
                "aggregationPath": [
                    {
                        "entityId": "TrackerLineItem",
                        "mappingFieldId": "activityTracker"
                    }
                ]
            },
            "id": "nrActivityItems",
            "oid": "8049087b-d341-4fc1-a6dd-141199d12293",
            "updatable": false,
            "singularName": "nrActivityItems",
            "type": "number"
        }
    ],
    "id": "ActivityTracker",
    "oid": "5909a19e-94c6-44f7-ab93-7311ca8af672",
    "singularName": "Activity Tracker"
}