{
  "pageModelVersion": "18.2.3",
  "title": "Manager Dashboard",
  "description": "The starting page of the flow",
  "variables": {
    "expenseReportListServiceDataProvider": {
      "type": "vb/ServiceDataProvider",
      "defaultValue": {
        "endpoint": "businessObjects/getall_ExpenseReport",
        "idAttribute": "id",
        "itemsPath": "items",
        "responseType": "flow:getallExpenseReportResponse"
      }
    },
    "employeeListServiceDataProvider": {
      "type": "vb/ServiceDataProvider",
      "defaultValue": {
        "endpoint": "businessObjects/getall_Employee",
        "idAttribute": "id",
        "itemsPath": "items",
        "responseType": "flow:getallEmployeeResponse"
      }
    },
    "travelRequestListServiceDataProvider": {
      "type": "vb/ServiceDataProvider",
      "defaultValue": {
        "endpoint": "businessObjects/getall_TravelRequest",
        "idAttribute": "id",
        "itemsPath": "items",
        "responseType": "flow:getallTravelRequestResponse"
      }
    },
    "oj_table_603457439_1SelectedId": {
      "type": "string",
      "defaultValue": ""
    },
    "leaveApplicationListServiceDataProvider": {
      "type": "vb/ServiceDataProvider",
      "defaultValue": {
        "endpoint": "businessObjects/getall_LeaveApplication",
        "idAttribute": "id",
        "itemsPath": "items",
        "responseType": "flow:getallLeaveApplicationResponse"
      }
    },
    "oj_table_603457439_2SelectedId": {
      "type": "string",
      "defaultValue": ""
    },
    "ojtabbar6034574391SelectedItem": {
      "type": "string",
      "defaultValue": "oj-tab-bar--603457439-1-tab-2"
    },
    "oj_table_1685365264_1SelectedId": {
      "type": "string",
      "defaultValue": ""
    },
    "departmentListServiceDataProvider": {
      "type": "vb/ServiceDataProvider",
      "defaultValue": {
        "endpoint": "businessObjects/getall_Department",
        "idAttribute": "id",
        "itemsPath": "items",
        "responseType": "flow:getallDepartmentResponse2"
      }
    },
    "countryListServiceDataProvider": {
      "type": "vb/ServiceDataProvider",
      "defaultValue": {
        "endpoint": "businessObjects/getall_Country",
        "idAttribute": "id",
        "itemsPath": "items",
        "responseType": "flow:getallCountryResponse2"
      }
    },
    "leaveTypeListServiceDataProvider": {
      "type": "vb/ServiceDataProvider",
      "defaultValue": {
        "endpoint": "businessObjects/getall_LeaveType",
        "idAttribute": "id",
        "itemsPath": "items",
        "responseType": "flow:getallLeaveTypeResponse2"
      }
    },
    "countryListServiceDataProvider2": {
      "type": "vb/ServiceDataProvider",
      "defaultValue": {
        "endpoint": "businessObjects/getall_Country",
        "idAttribute": "id",
        "itemsPath": "items",
        "responseType": "flow:getallCountryResponse3"
      }
    },
    "leaveApplicationListServiceDataProvider2": {
      "type": "vb/ServiceDataProvider",
      "defaultValue": {
        "endpoint": "businessObjects/getall_LeaveApplication",
        "idAttribute": "id",
        "itemsPath": "items",
        "responseType": "flow:getallLeaveApplicationResponse2"
      }
    },
    "travelRequestListServiceDataProvider2": {
      "type": "vb/ServiceDataProvider",
      "defaultValue": {
        "endpoint": "businessObjects/getall_TravelRequest",
        "idAttribute": "id",
        "itemsPath": "items",
        "responseType": "flow:getallTravelRequestResponse2"
      }
    },
    "expenseReportListServiceDataProvider2": {
      "type": "vb/ServiceDataProvider",
      "defaultValue": {
        "endpoint": "businessObjects/getall_ExpenseReport",
        "idAttribute": "id",
        "itemsPath": "items",
        "responseType": "flow:getallExpenseReportResponse4"
      }
    },
    "oj_table_1685365264_3SelectedId": {
      "type": "string",
      "defaultValue": ""
    },
    "oj_table_1685365264_2SelectedId": {
      "type": "string",
      "defaultValue": ""
    },
    "oj_table_1685365264_4SelectedId": {
      "type": "string",
      "defaultValue": ""
    }
  },
  "types": {
  },
  "chains": {
    "ListViewSelectionAction": {
      "description": "",
      "variables": {
        "selection": {
          "required": true,
          "type": "any[]",
          "input": "fromCaller"
        }
      },
      "root": "callRestEndpoint1",
      "actions": {
        "callRestEndpoint1": {
          "module": "vb/action/builtin/restAction",
          "parameters": {
            "endpoint": "businessObjects/get_ExpenseReport",
            "uriParams": {
              "ExpenseReport_Id": "{{ $chain.variables.selection[0] }}"
            }
          },
          "outcomes": {
            "success": "assignReport"
          }
        },
        "assignReport": {
          "module": "vb/action/builtin/assignVariablesAction",
          "parameters": {
            "$page.variables.selectedReport": {
              "source": "{{ $chain.results.callRestEndpoint1.body }}"
            }
          }
        }
      }
    },
    "MenuOjActionAction": {
      "description": "",
      "variables": {
        "menuId": {
          "required": true,
          "type": "any",
          "input": "fromCaller"
        }
      },
      "root": "",
      "actions": {}
    },
    "ButtonClickAction": {
      "description": "",
      "variables": {
        "detail": {
          "required": true,
          "type": "any",
          "input": "fromCaller"
        }
      },
      "root": "navigateToPage1",
      "actions": {
        "navigateToPage1": {
          "module": "vb/action/builtin/navigateToPageAction",
          "parameters": {
            "page": "admin-locations"
          }
        }
      }
    },
    "ButtonClickAction1": {
      "description": "",
      "variables": {
        "detail": {
          "required": true,
          "type": "any",
          "input": "fromCaller"
        }
      },
      "root": "navigateToPage1",
      "actions": {
        "navigateToPage1": {
          "module": "vb/action/builtin/navigateToPageAction",
          "parameters": {
            "page": "admin-departments"
          }
        }
      }
    },
    "ButtonClickAction2": {
      "description": "",
      "variables": {
        "detail": {
          "required": true,
          "type": "any",
          "input": "fromCaller"
        }
      },
      "root": "navigateToPage1",
      "actions": {
        "navigateToPage1": {
          "module": "vb/action/builtin/navigateToPageAction",
          "parameters": {
            "page": "admin-employees"
          }
        }
      }
    },
    "MenuButtonClickAction": {
      "description": "",
      "variables": {
        "detail": {
          "required": true,
          "type": "any",
          "input": "fromCaller"
        }
      },
      "root": "",
      "actions": {}
    },
    "oj_table_603457439_1ChangeSelectionChain": {
      "variables": {
        "travelRequestId": {
          "type": "string",
          "input": "fromCaller",
          "defaultValue": ""
        }
      },
      "root": "assignVariable",
      "actions": {
        "assignVariable": {
          "module": "vb/action/builtin/assignVariablesAction",
          "parameters": {
            "$page.variables.oj_table_603457439_1SelectedId": {
              "source": "[[ $chain.variables.travelRequestId ]]"
            }
          },
          "outcomes": {
            "success": ""
          }
        }
      }
    },
    "navigateToEditTravelRequestChain": {
      "root": "navigateToEdit",
      "actions": {
        "navigateToEdit": {
          "module": "vb/action/builtin/navigateToPageAction",
          "parameters": {
            "history": "push",
            "page": "admin-edit-travel-request",
            "params": {
              "travelRequestId": "[[ $page.variables.oj_table_603457439_1SelectedId ]]"
            }
          },
          "outcomes": {
            "success": ""
          }
        }
      }
    },
    "oj_table_603457439_2ChangeSelectionChain": {
      "variables": {
        "leaveApplicationId": {
          "type": "string",
          "input": "fromCaller",
          "defaultValue": ""
        }
      },
      "root": "assignVariable",
      "actions": {
        "assignVariable": {
          "module": "vb/action/builtin/assignVariablesAction",
          "parameters": {
            "$page.variables.oj_table_603457439_2SelectedId": {
              "source": "[[ $chain.variables.leaveApplicationId ]]"
            }
          },
          "outcomes": {
            "success": ""
          }
        }
      }
    },
    "navigateToEditLeaveApplicationChain": {
      "root": "navigateToEdit",
      "actions": {
        "navigateToEdit": {
          "module": "vb/action/builtin/navigateToPageAction",
          "parameters": {
            "history": "push",
            "page": "admin-edit-leave-application",
            "params": {
              "leaveApplicationId": "[[ $page.variables.oj_table_603457439_2SelectedId ]]"
            }
          },
          "outcomes": {
            "success": ""
          }
        }
      }
    },
    "oj_table_1685365264_1ChangeSelectionChain": {
      "variables": {
        "expenseReportId": {
          "type": "string",
          "input": "fromCaller",
          "defaultValue": ""
        }
      },
      "root": "assignVariable",
      "actions": {
        "assignVariable": {
          "module": "vb/action/builtin/assignVariablesAction",
          "parameters": {
            "$page.variables.oj_table_1685365264_1SelectedId": {
              "source": "[[ $chain.variables.expenseReportId ]]"
            }
          },
          "outcomes": {
            "success": ""
          }
        }
      }
    },
    "navigateToEditExpenseReportChain": {
      "root": "navigateToEdit",
      "actions": {
        "navigateToEdit": {
          "module": "vb/action/builtin/navigateToPageAction",
          "parameters": {
            "history": "push",
            "page": "admin-edit-expense-report",
            "params": {
              "expenseReportId": "[[ $page.variables.oj_table_1685365264_1SelectedId ]]"
            }
          },
          "outcomes": {
            "success": ""
          }
        }
      }
    },
    "oj_table_1685365264_3ChangeSelectionChain": {
      "variables": {
        "travelRequestId": {
          "type": "string",
          "input": "fromCaller",
          "defaultValue": ""
        }
      },
      "root": "assignVariable",
      "actions": {
        "assignVariable": {
          "module": "vb/action/builtin/assignVariablesAction",
          "parameters": {
            "$page.variables.oj_table_1685365264_3SelectedId": {
              "source": "[[ $chain.variables.travelRequestId ]]"
            }
          },
          "outcomes": {
            "success": ""
          }
        }
      }
    },
    "navigateToEditTravelRequestChain2": {
      "root": "navigateToEdit",
      "actions": {
        "navigateToEdit": {
          "module": "vb/action/builtin/navigateToPageAction",
          "parameters": {
            "history": "push",
            "page": "admin-edit-travel-request2",
            "params": {
              "travelRequestId": "[[ $page.variables.oj_table_1685365264_3SelectedId ]]"
            }
          },
          "outcomes": {
            "success": ""
          }
        }
      }
    },
    "oj_table_1685365264_2ChangeSelectionChain": {
      "variables": {
        "leaveApplicationId": {
          "type": "string",
          "input": "fromCaller",
          "defaultValue": ""
        }
      },
      "root": "assignVariable",
      "actions": {
        "assignVariable": {
          "module": "vb/action/builtin/assignVariablesAction",
          "parameters": {
            "$page.variables.oj_table_1685365264_2SelectedId": {
              "source": "[[ $chain.variables.leaveApplicationId ]]"
            }
          },
          "outcomes": {
            "success": ""
          }
        }
      }
    },
    "navigateToEditLeaveApplicationChain2": {
      "root": "navigateToEdit",
      "actions": {
        "navigateToEdit": {
          "module": "vb/action/builtin/navigateToPageAction",
          "parameters": {
            "history": "push",
            "page": "admin-edit-leave-application2",
            "params": {
              "leaveApplicationId": "[[ $page.variables.oj_table_1685365264_2SelectedId ]]"
            }
          },
          "outcomes": {
            "success": ""
          }
        }
      }
    },
    "oj_table_1685365264_4ChangeSelectionChain": {
      "variables": {
        "expenseReportId": {
          "type": "string",
          "input": "fromCaller",
          "defaultValue": ""
        }
      },
      "root": "assignVariable",
      "actions": {
        "assignVariable": {
          "module": "vb/action/builtin/assignVariablesAction",
          "parameters": {
            "$page.variables.oj_table_1685365264_4SelectedId": {
              "source": "[[ $chain.variables.expenseReportId ]]"
            }
          },
          "outcomes": {
            "success": ""
          }
        }
      }
    },
    "navigateToEditExpenseReportChain2": {
      "root": "navigateToEdit",
      "actions": {
        "navigateToEdit": {
          "module": "vb/action/builtin/navigateToPageAction",
          "parameters": {
            "history": "push",
            "page": "admin-edit-expense-report2",
            "params": {
              "expenseReportId": "[[ $page.variables.oj_table_1685365264_4SelectedId ]]"
            }
          },
          "outcomes": {
            "success": ""
          }
        }
      }
    }
  },
  "eventListeners": {
    "ojListView6034574391Selection": {
      "chains": [
        {
          "chainId": "ListViewSelectionAction",
          "parameters": {
            "selection": "{{ $event.detail.value }}"
          }
        }
      ]
    },
    "ojMenu6034574392OjAction": {
      "chains": [
        {
          "chainId": "MenuOjActionAction",
          "parameters": {
            "menuId": "{{$event.target.value}}"
          }
        }
      ]
    },
    "ojButton6034574391Click": {
      "chains": [
        {
          "chainId": "ButtonClickAction",
          "parameters": {
            "detail": "{{ $event.detail }}"
          }
        }
      ]
    },
    "ojButton6034574392Click": {
      "chains": [
        {
          "chainId": "ButtonClickAction1",
          "parameters": {
            "detail": "{{ $event.detail }}"
          }
        }
      ]
    },
    "ojButton6034574393Click": {
      "chains": [
        {
          "chainId": "ButtonClickAction2",
          "parameters": {
            "detail": "{{ $event.detail }}"
          }
        }
      ]
    },
    "oj_table_603457439_1SelectionChanged": {
      "chains": [
        {
          "chainId": "oj_table_603457439_1ChangeSelectionChain",
          "parameters": {
            "travelRequestId": "[[ ($event.detail.value && $event.detail.value[0] && 'row' in $event.detail.value[0].startKey) ? $event.detail.value[0].startKey.row : '' ]]"
          }
        }
      ]
    },
    "editTravelRequestButtonClicked": {
      "chains": [
        {
          "chainId": "navigateToEditTravelRequestChain"
        }
      ]
    },
    "oj_table_603457439_2SelectionChanged": {
      "chains": [
        {
          "chainId": "oj_table_603457439_2ChangeSelectionChain",
          "parameters": {
            "leaveApplicationId": "[[ ($event.detail.value && $event.detail.value[0] && 'row' in $event.detail.value[0].startKey) ? $event.detail.value[0].startKey.row : '' ]]"
          }
        }
      ]
    },
    "editLeaveApplicationButtonClicked": {
      "chains": [
        {
          "chainId": "navigateToEditLeaveApplicationChain"
        }
      ]
    },
    "oj_table_1685365264_1SelectionChanged": {
      "chains": [
        {
          "chainId": "oj_table_1685365264_1ChangeSelectionChain",
          "parameters": {
            "expenseReportId": "[[ ($event.detail.value && $event.detail.value[0] && 'row' in $event.detail.value[0].startKey) ? $event.detail.value[0].startKey.row : '' ]]"
          }
        }
      ]
    },
    "editExpenseReportButtonClicked": {
      "chains": [
        {
          "chainId": "navigateToEditExpenseReportChain"
        }
      ]
    },
    "oj_table_1685365264_3SelectionChanged": {
      "chains": [
        {
          "chainId": "oj_table_1685365264_3ChangeSelectionChain",
          "parameters": {
            "travelRequestId": "[[ ($event.detail.value && $event.detail.value[0] && 'row' in $event.detail.value[0].startKey) ? $event.detail.value[0].startKey.row : '' ]]"
          }
        }
      ]
    },
    "editTravelRequestButtonClicked2": {
      "chains": [
        {
          "chainId": "navigateToEditTravelRequestChain2"
        }
      ]
    },
    "oj_table_1685365264_2SelectionChanged": {
      "chains": [
        {
          "chainId": "oj_table_1685365264_2ChangeSelectionChain",
          "parameters": {
            "leaveApplicationId": "[[ ($event.detail.value && $event.detail.value[0] && 'row' in $event.detail.value[0].startKey) ? $event.detail.value[0].startKey.row : '' ]]"
          }
        }
      ]
    },
    "editLeaveApplicationButtonClicked2": {
      "chains": [
        {
          "chainId": "navigateToEditLeaveApplicationChain2"
        }
      ]
    },
    "oj_table_1685365264_4SelectionChanged": {
      "chains": [
        {
          "chainId": "oj_table_1685365264_4ChangeSelectionChain",
          "parameters": {
            "expenseReportId": "[[ ($event.detail.value && $event.detail.value[0] && 'row' in $event.detail.value[0].startKey) ? $event.detail.value[0].startKey.row : '' ]]"
          }
        }
      ]
    },
    "editExpenseReportButtonClicked2": {
      "chains": [
        {
          "chainId": "navigateToEditExpenseReportChain2"
        }
      ]
    }
  },
  "imports": {
    "components": {
      "oj-list-view": {
        "path": "ojs/ojlistview"
      },
      "oj-vb-list-item": {
        "path": "vb/components/list-item/loader"
      },
      "oj-form-layout": {
        "path": "ojs/ojformlayout"
      },
      "oj-input-text": {
        "path": "ojs/ojinputtext"
      },
      "oj-label": {
        "path": "ojs/ojlabel"
      },
      "oj-input-number": {
        "path": "ojs/ojinputnumber"
      },
      "oj-input-date": {
        "path": "ojs/ojdatetimepicker"
      },
      "oj-menu": {
        "path": "ojs/ojmenu"
      },
      "oj-menu-button": {
        "path": "ojs/ojbutton"
      },
      "oj-option": {
        "path": "ojs/ojoption"
      },
      "oj-button": {
        "path": "ojs/ojbutton"
      },
      "oj-chart": {
        "path": "ojs/ojchart"
      },
      "oj-table": {
        "path": "ojs/ojtable"
      },
      "oj-toolbar": {
        "path": "ojs/ojtoolbar"
      },
      "oj-tab-bar": {
        "path": "ojs/ojnavigationlist"
      },
      "oj-switcher": {
        "path": "ojs/ojswitcher"
      },
      "oj-status-meter-gauge": {
        "path": "ojs/ojgauge"
      },
      "oj-conveyor-belt": {
        "path": "ojs/ojconveyorbelt"
      }
    }
  },
  "translations": {
  }
}