{
  "pageModelVersion": "18.3.3",
  "title": "My start page",
  "description": "The starting page of the flow",
  "variables": {
    "employeeListServiceDataProvider": {
      "type": "vb/ServiceDataProvider",
      "defaultValue": {
        "endpoint": "businessObjects/getall_Employee",
        "idAttribute": "id",
        "itemsPath": "items",
        "responseType": "flow:getallEmployeeResponse"
      }
    },
    "oj_table_1445253828_1SelectedId": {
      "type": "string",
      "defaultValue": ""
    },
    "EmplCount": {
      "type": "page:getall_EmployeeCount"
    }
  },
  "types": {
    "@decorators.getall_EmployeeCount": {
      "endpoint": "getall_Employee",
      "service": "businessObjects",
      "path": "response"
    },
    "getall_EmployeeCount": {
      "count": "number"
    }
  },
  "chains": {
    "navigateToCreateEmployeeChain": {
      "root": "navigateToCreate",
      "actions": {
        "navigateToCreate": {
          "module": "vb/action/builtin/navigateToPageAction",
          "parameters": {
            "history": "push",
            "page": "admin-create-employee",
            "params": {}
          },
          "outcomes": {
            "success": ""
          }
        }
      }
    },
    "oj_table_1445253828_1ChangeSelectionChain": {
      "variables": {
        "employeeId": {
          "type": "string",
          "input": "fromCaller",
          "defaultValue": ""
        }
      },
      "root": "assignVariable",
      "actions": {
        "assignVariable": {
          "module": "vb/action/builtin/assignVariablesAction",
          "parameters": {
            "$page.variables.oj_table_1445253828_1SelectedId": {
              "source": "[[ $chain.variables.employeeId ]]"
            }
          },
          "outcomes": {
            "success": ""
          }
        }
      }
    },
    "navigateToEditEmployeeChain": {
      "root": "navigateToEdit",
      "actions": {
        "navigateToEdit": {
          "module": "vb/action/builtin/navigateToPageAction",
          "parameters": {
            "history": "push",
            "page": "admin-edit-employee",
            "params": {
              "employeeId": "[[ $page.variables.oj_table_1445253828_1SelectedId ]]"
            }
          },
          "outcomes": {
            "success": ""
          }
        }
      }
    },
    "deleteEmployeeChain": {
      "root": "deleteEmployee",
      "variables": {
        "employeeId": {
          "type": "string",
          "input": "fromCaller",
          "defaultValue": "{{ $page.variables.oj_table_1445253828_1SelectedId }}"
        }
      },
      "actions": {
        "deleteEmployee": {
          "module": "vb/action/builtin/restAction",
          "parameters": {
            "endpoint": "businessObjects/delete_Employee",
            "uriParams": {
              "Employee_Id": "{{ $chain.variables.employeeId }}"
            }
          },
          "outcomes": {
            "success": "refreshDataProvider",
            "failure": "fireErrorNotification"
          }
        },
        "refreshDataProvider": {
          "module": "vb/action/builtin/fireDataProviderEventAction",
          "outcomes": {
            "success": "fireSuccessNotification"
          },
          "parameters": {
            "refresh": "",
            "target": "{{ $page.variables.employeeListServiceDataProvider }}"
          }
        },
        "fireSuccessNotification": {
          "module": "vb/action/builtin/fireNotificationEventAction",
          "parameters": {
            "message": "{{ 'Employee [' + $chain.variables.employeeId + '] successfully deleted' }}",
            "type": "confirmation",
            "displayMode": "transient"
          },
          "outcomes": {}
        },
        "fireErrorNotification": {
          "module": "vb/action/builtin/fireNotificationEventAction",
          "parameters": {
            "message": "{{ 'Could not delete data: status ' + $chain.results.deleteEmployee.payload.status }}",
            "type": "error",
            "displayMode": "persist"
          },
          "outcomes": {}
        }
      }
    },
    "ButtonClickAction": {
      "description": "",
      "variables": {
        "detail": {
          "required": true,
          "type": "any",
          "input": "fromCaller"
        }
      },
      "root": "navigateBack1",
      "actions": {
        "navigateBack1": {
          "module": "vb/action/builtin/navigateBackAction"
        }
      }
    },
    "ButtonClickAction1": {
      "description": "",
      "variables": {
        "detail": {
          "required": true,
          "type": "any",
          "input": "fromCaller"
        }
      },
      "root": "navigateToPage1",
      "actions": {
        "navigateToPage1": {
          "module": "vb/action/builtin/navigateToPageAction",
          "parameters": {
            "page": "admin-employees"
          }
        }
      }
    },
    "ButtonClickAction2": {
      "description": "",
      "variables": {
        "detail": {
          "required": true,
          "type": "any",
          "input": "fromCaller"
        }
      },
      "root": "navigateToPage1",
      "actions": {
        "navigateToPage1": {
          "module": "vb/action/builtin/navigateToPageAction",
          "parameters": {
            "page": "admin-departments",
            "history": "push"
          }
        }
      }
    },
    "ButtonClickAction3": {
      "description": "",
      "variables": {
        "detail": {
          "required": true,
          "type": "any",
          "input": "fromCaller"
        }
      },
      "root": "navigateToPage1",
      "actions": {
        "navigateToPage1": {
          "module": "vb/action/builtin/navigateToPageAction",
          "parameters": {
            "page": "admin-locations",
            "history": "push"
          }
        }
      }
    },
    "IconClickAction": {
      "description": "",
      "variables": {
        "detail": {
          "required": true,
          "type": "any",
          "input": "fromCaller"
        }
      },
      "root": "navigateToPage1",
      "actions": {
        "navigateToPage1": {
          "module": "vb/action/builtin/navigateToPageAction",
          "parameters": {
            "page": "admin-start"
          }
        }
      }
    },
    "populateCount": {
      "root": "callRestForCount",
      "description": "",
      "actions": {
        "assignCount": {
          "module": "vb/action/builtin/assignVariablesAction",
          "parameters": {
            "$page.variables.EmplCount": {
              "source": {
                "count": "{{ $chain.results.callRestForCount.body.count }}"
              },
              "reset": "none"
            }
          }
        },
        "callRestForCount": {
          "module": "vb/action/builtin/restAction",
          "parameters": {
            "endpoint": "businessObjects/getall_Employee"
          },
          "outcomes": {
            "success": "assignCount"
          }
        }
      }
    }
  },
  "eventListeners": {
    "createEmployeeButtonClicked": {
      "chains": [
        {
          "chainId": "navigateToCreateEmployeeChain"
        }
      ]
    },
    "oj_table_1445253828_1SelectionChanged": {
      "chains": [
        {
          "chainId": "oj_table_1445253828_1ChangeSelectionChain",
          "parameters": {
            "employeeId": "[[ ($event.detail.value && $event.detail.value[0] && 'row' in $event.detail.value[0].startKey) ? $event.detail.value[0].startKey.row : '' ]]"
          }
        }
      ]
    },
    "editEmployeeButtonClicked": {
      "chains": [
        {
          "chainId": "navigateToEditEmployeeChain"
        }
      ]
    },
    "deleteEmployeeButtonClicked": {
      "chains": [
        {
          "chainId": "deleteEmployeeChain"
        }
      ]
    },
    "ojButton14452538284Click": {
      "chains": [
        {
          "chainId": "ButtonClickAction",
          "parameters": {
            "detail": "{{ $event.detail }}"
          }
        }
      ]
    },
    "ojButton6034574393Click": {
      "chains": [
        {
          "chainId": "ButtonClickAction1",
          "parameters": {
            "detail": "{{ $event.detail }}"
          }
        }
      ]
    },
    "ojButton6034574392Click": {
      "chains": [
        {
          "chainId": "ButtonClickAction2",
          "parameters": {
            "detail": "{{ $event.detail }}"
          }
        }
      ]
    },
    "ojButton6034574391Click": {
      "chains": [
        {
          "chainId": "ButtonClickAction3",
          "parameters": {
            "detail": "{{ $event.detail }}"
          }
        }
      ]
    },
    "span6034574391Click": {
      "chains": [
        {
          "chainId": "IconClickAction",
          "parameters": {
            "detail": "{{ $event.detail }}"
          }
        }
      ]
    },
    "vbEnter": {
      "chains": [
        {
          "chainId": "populateCount",
          "parameters": {}
        }
      ]
    }
  },
  "imports": {
    "components": {
      "oj-table": {
        "path": "ojs/ojtable"
      },
      "oj-toolbar": {
        "path": "ojs/ojtoolbar"
      },
      "oj-button": {
        "path": "ojs/ojbutton"
      },
      "oj-menu-button": {
        "path": "ojs/ojbutton"
      },
      "oj-menu": {
        "path": "ojs/ojmenu"
      },
      "oj-option": {
        "path": "ojs/ojoption"
      },
      "oj-label": {
        "path": "ojs/ojlabel"
      },
      "oj-input-number": {
        "path": "ojs/ojinputnumber"
      },
      "oj-status-meter-gauge": {
        "path": "ojs/ojgauge"
      },
      "oj-led-gauge": {
        "path": "ojs/ojgauge"
      },
      "oj-chart": {
        "path": "ojs/ojchart"
      }
    }
  }
}