{
  "pageModelVersion": "18.3.3",
  "title": "View Leave Application",
  "description": "Updates single LeaveApplication record",
  "variables": {
    "leaveApplicationRecord": {
      "type": "flow:updateLeaveApplicationRequest"
    },
    "leaveApplicationId": {
      "type": "string",
      "required": true,
      "input": "fromUrl"
    },
    "leaveApplicationRecordETag": {
      "type": "string"
    },
    "leaveTypeListServiceDataProvider": {
      "type": "vb/ServiceDataProvider",
      "defaultValue": {
        "endpoint": "businessObjects/getall_LeaveType",
        "idAttribute": "id",
        "itemsPath": "items",
        "responseType": "flow:getallLeaveTypeResponse",
        "uriParameters": {}
      }
    },
    "leaveApprovalServiceDataProvider": {
      "type": "vb/ServiceDataProvider",
      "defaultValue": {
        "endpoint": "businessObjects/getall_Approval",
        "responseType": "page:getall_Approval",
        "itemsPath": "items",
        "idAttribute": "id"
      }
    }
  },
  "types": {
    "@decorators.getall_Approval": {
      "endpoint": "getall_Approval",
      "service": "businessObjects",
      "path": "response"
    },
    "getall_Approval": {
      "items": [
        {
          "id": "number",
          "status": "string"
        }
      ]
    }
  },
  "chains": {
    "goBackChain": {
      "root": "navigateBack",
      "actions": {
        "navigateBack": {
          "module": "vb/action/builtin/navigateBackAction",
          "outcomes": {
            "success": ""
          }
        }
      }
    },
    "loadLeaveApplicationChain": {
      "root": "loadLeaveApplication",
      "actions": {
        "loadLeaveApplication": {
          "module": "vb/action/builtin/restAction",
          "parameters": {
            "endpoint": "businessObjects/get_LeaveApplication",
            "uriParams": {
              "LeaveApplication_Id": "{{ $page.variables.leaveApplicationId }}"
            },
            "responseType": "flow:updateLeaveApplicationRequest"
          },
          "outcomes": {
            "success": "assignPayload",
            "failure": "fireErrorNotification"
          }
        },
        "assignPayload": {
          "module": "vb/action/builtin/assignVariablesAction",
          "parameters": {
            "$page.variables.leaveApplicationRecord": {
              "source": "{{ $chain.results.loadLeaveApplication.body }}"
            },
            "$page.variables.leaveApplicationRecordETag": {
              "source": "[[ $chain.results.loadLeaveApplication.headers.get('ETag') ]]"
            }
          },
          "outcomes": {}
        },
        "fireErrorNotification": {
          "module": "vb/action/builtin/fireNotificationEventAction",
          "parameters": {
            "message": "{{ 'Could not load data: status ' + $chain.results.loadLeaveApplication.payload.status }}",
            "type": "error",
            "displayMode": "persist"
          },
          "outcomes": {}
        }
      }
    },
    "saveLeaveApplicationChain": {
      "variables": {
        "saveFailureResult": {
          "type": "flow:businessObjectServiceErrorResponseType"
        },
        "errorMessage": {
          "type": "string"
        },
        "saveHeaders": {
          "type": "object"
        }
      },
      "root": "checkETag",
      "actions": {
        "checkETag": {
          "module": "vb/action/builtin/ifAction",
          "parameters": {
            "condition": "[[ $page.variables.leaveApplicationRecordETag ]]"
          },
          "outcomes": {
            "true": "assignIfMatchHeader",
            "false": "saveLeaveApplication"
          }
        },
        "assignIfMatchHeader": {
          "module": "vb/action/builtin/assignVariablesAction",
          "parameters": {
            "$chain.variables.saveHeaders": {
              "source": "[[ { 'If-Match': $page.variables.leaveApplicationRecordETag } ]]"
            }
          },
          "outcomes": {
            "success": "saveLeaveApplication"
          }
        },
        "saveLeaveApplication": {
          "module": "vb/action/builtin/restAction",
          "parameters": {
            "endpoint": "businessObjects/update_LeaveApplication",
            "body": "{{ $page.variables.leaveApplicationRecord }}",
            "requestType": "json",
            "uriParams": {
              "LeaveApplication_Id": "{{ $page.variables.leaveApplicationId }}"
            },
            "headers": "[[ $chain.variables.saveHeaders ]]"
          },
          "outcomes": {
            "success": "assignPayload",
            "failure": "assignFailureResult"
          }
        },
        "assignPayload": {
          "module": "vb/action/builtin/assignVariablesAction",
          "parameters": {
            "$page.variables.leaveApplicationRecord": {
              "source": "{{ $chain.results.saveLeaveApplication.body }}"
            },
            "$page.variables.leaveApplicationRecordETag": {
              "source": "[[ $chain.results.saveLeaveApplication.headers.get('ETag') ]]"
            }
          },
          "outcomes": {
            "success": "fireSuccessNotification"
          }
        },
        "fireSuccessNotification": {
          "module": "vb/action/builtin/fireNotificationEventAction",
          "parameters": {
            "message": "LeaveApplication record successfully updated",
            "type": "confirmation",
            "displayMode": "transient"
          },
          "outcomes": {
            "success": "callGoBackChain"
          }
        },
        "callGoBackChain": {
          "module": "vb/action/builtin/callChainAction",
          "parameters": {
            "id": "goBackChain"
          }
        },
        "assignFailureResult": {
          "module": "vb/action/builtin/assignVariablesAction",
          "parameters": {
            "$chain.variables.saveFailureResult": {
              "source": "[[ $chain.results.saveLeaveApplication.payload ]]",
              "mapping": {
                "$target": "$source",
                "$target.body.o_errorDetails": {
                  "source": "$source.body['o:errorDetails'] || []",
                  "mapping": {
                    "$target.o_errorCode": "$source['o:errorCode']",
                    "$target.detail": "$source.detail"
                  }
                }
              }
            }
          },
          "outcomes": {
            "success": "testFailureDetails"
          }
        },
        "testFailureDetails": {
          "module": "vb/action/builtin/ifAction",
          "outcomes": {
            "true": "handleDetailedErrorMessage",
            "false": "handleDefaultErrorMessage"
          },
          "parameters": {
            "condition": "[[ $chain.variables.saveFailureResult.body.o_errorDetails[0] ]]"
          }
        },
        "handleDetailedErrorMessage": {
          "module": "vb/action/builtin/assignVariablesAction",
          "outcomes": {
            "success": "fireErrorNotification"
          },
          "parameters": {
            "$chain.variables.errorMessage": {
              "source": "[[ $chain.variables.saveFailureResult.body.o_errorDetails[0].detail ]]"
            }
          }
        },
        "handleDefaultErrorMessage": {
          "module": "vb/action/builtin/assignVariablesAction",
          "outcomes": {
            "success": "fireErrorNotification"
          },
          "parameters": {
            "$chain.variables.errorMessage": {
              "source": "[[ 'Could not update LeaveApplication: status ' + $chain.results.saveLeaveApplication.payload.status ]]"
            }
          }
        },
        "fireErrorNotification": {
          "module": "vb/action/builtin/fireNotificationEventAction",
          "parameters": {
            "message": "[[ $chain.variables.errorMessage ]]",
            "type": "error",
            "displayMode": "persist"
          }
        }
      }
    }
  },
  "eventListeners": {
    "backButtonClicked": {
      "chains": [
        {
          "chainId": "goBackChain"
        }
      ]
    },
    "saveButtonClicked": {
      "chains": [
        {
          "chainId": "saveLeaveApplicationChain"
        }
      ]
    },
    "vbEnter": {
      "chains": [
        {
          "chainId": "loadLeaveApplicationChain"
        }
      ]
    }
  },
  "imports": {
    "components": {
      "oj-form-layout": {
        "path": "ojs/ojformlayout"
      },
      "oj-input-text": {
        "path": "ojs/ojinputtext"
      },
      "oj-switch": {
        "path": "ojs/ojswitch"
      },
      "oj-input-date": {
        "path": "ojs/ojdatetimepicker"
      },
      "oj-select-one": {
        "path": "ojs/ojselectcombobox"
      },
      "oj-toolbar": {
        "path": "ojs/ojtoolbar"
      },
      "oj-button": {
        "path": "ojs/ojbutton"
      },
      "oj-label": {
        "path": "ojs/ojlabel"
      },
      "oj-text-area": {
        "path": "ojs/ojinputtext"
      }
    }
  }
}