id,creationDate,lastUpdateDate,createdBy,lastUpdatedBy,expenseReport,name,amount,category,expenseDate
26,2018-08-10T11:29:19,2018-08-10T11:29:19.011,rodney.sowirono@oracle.com,rodney.sowirono@oracle.com,3,Sowirono,100.0,1,2018-08-17
27,2018-08-10T11:31:58,2018-08-10T11:31:58.011,rodney.sowirono@oracle.com,rodney.sowirono@oracle.com,3,test,1212.0,1,2018-08-09
29,2018-08-10T12:00:44,2018-08-10T12:00:44.01,rodney.sowirono@oracle.com,rodney.sowirono@oracle.com,3,Taxi,20.0,2,2018-08-10
30,2018-08-14T08:07:55,2018-08-14T08:07:55.016,rodney.sowirono@oracle.com,rodney.sowirono@oracle.com,2,SG-HK,1000.0,1,2018-08-15
31,2018-08-17T09:30:52,2018-08-17T09:30:52.024,rodney.sowirono@oracle.com,rodney.sowirono@oracle.com,4,From Airport to Hotel,35.0,2,2018-08-17
32,2018-08-17T09:39:10,2018-08-17T09:39:10.012,rodney.sowirono@oracle.com,rodney.sowirono@oracle.com,4,Burger King,20.0,4,2018-08-18
33,2018-08-17T09:39:43,2018-08-17T09:39:43.014,rodney.sowirono@oracle.com,rodney.sowirono@oracle.com,4,Team Dinner,500.0,5,2018-08-20
34,2018-08-17T09:40:20,2018-08-17T09:40:20.01,rodney.sowirono@oracle.com,rodney.sowirono@oracle.com,4,5 Nights - Hilton,2000.0,3,2018-08-31
35,2018-08-21T02:41:17,2018-08-21T02:41:17.015,rodney.sowirono@oracle.com,rodney.sowirono@oracle.com,2,Toomy,200.0,4,2018-08-24
36,2018-08-29T04:40:46,2018-08-29T04:40:46.013,rodney.sowirono@oracle.com,rodney.sowirono@oracle.com,2,SG-SYD,1500.0,1,2018-09-11
37,2018-08-31T08:31:06,2018-08-31T08:31:06.01,rodney.sowirono@oracle.com,rodney.sowirono@oracle.com,2,Hmmm,12.0,4,2018-08-17
