{
    "fields": [
        {
            "hidden": false,
            "id": "id",
            "internal": true,
            "key": true,
            "oid": "1d502093-9ecc-4a17-8249-079d4fe05b51",
            "required": true,
            "singularName": "Id",
            "type": "number",
            "unique": true
        },
        {
            "hidden": false,
            "id": "creationDate",
            "internal": true,
            "key": false,
            "oid": "94841053-04f9-4634-9901-098b8318b95f",
            "singularName": "Creation Date",
            "type": "datetime"
        },
        {
            "hidden": false,
            "id": "lastUpdateDate",
            "internal": true,
            "key": false,
            "oid": "d878d9bf-113f-45f6-bc7c-d7bd401c3717",
            "singularName": "Last Update Date",
            "type": "datetime"
        },
        {
            "hidden": false,
            "id": "createdBy",
            "internal": true,
            "key": false,
            "oid": "5b9267c9-b60d-4fec-b4ea-b51360fd8f3b",
            "singularName": "Created By",
            "type": "string"
        },
        {
            "hidden": false,
            "id": "lastUpdatedBy",
            "internal": true,
            "key": false,
            "oid": "98f12287-644c-476f-9134-8128ecd7e441",
            "singularName": "Last Updated By",
            "type": "string"
        },
        {
            "hidden": true,
            "id": "abcsChangeNumber",
            "internal": true,
            "key": false,
            "oid": "9419f2d2-d127-4d51-8541-f536e4783e53",
            "singularName": "Update ID",
            "type": "number"
        },
        {
            "id": "name",
            "oid": "8db89f22-eb22-4d55-937a-9fa32a599810",
            "singularName": "name",
            "type": "string"
        },
        {
            "id": "location",
            "oid": "888b15e2-5e5a-4549-b337-53f621e9cbf2",
            "singularName": "location",
            "type": "reference"
        },
        {
            "aggregation": {
                "aggregationFunction": "COUNT",
                "aggregationPath": [
                    {
                        "entityId": "Employee",
                        "mappingFieldId": "department"
                    }
                ]
            },
            "id": "emplByDep",
            "oid": "e069331a-d89e-46d1-9fb4-650723881347",
            "updatable": false,
            "singularName": "emplByDep",
            "type": "number"
        }
    ],
    "id": "Department",
    "oid": "7bf9e61e-9bed-4c31-bbb8-2a7d4807ed88",
    "relations": [
        {
            "accessorId": "locationObject",
            "cardinality": "manyToOne",
            "defaultDisplayFieldId": "name",
            "deleteRule": "restrict",
            "mappingFieldId": "location",
            "sourceEntityId": "Department",
            "targetEntityId": "Location"
        }
    ],
    "singularName": "Department"
}