id,creationDate,lastUpdateDate,createdBy,lastUpdatedBy,name,location
1,2018-09-06T09:42:43,2018-09-06T09:42:43,rodney.sowirono@oracle.com,rodney.sowirono@oracle.com,Administration,1
2,2018-09-06T09:42:43,2018-09-06T09:42:43,rodney.sowirono@oracle.com,rodney.sowirono@oracle.com,Marketing,2
3,2018-09-06T09:42:43,2018-09-06T09:42:43,rodney.sowirono@oracle.com,rodney.sowirono@oracle.com,Purchasing,3
4,2018-09-06T09:42:43,2018-09-06T09:42:43,rodney.sowirono@oracle.com,rodney.sowirono@oracle.com,Human Resources,1
5,2018-09-06T09:42:43,2018-09-06T09:42:43,rodney.sowirono@oracle.com,rodney.sowirono@oracle.com,IT,2
6,2018-09-06T09:42:43,2018-09-06T09:42:43,rodney.sowirono@oracle.com,rodney.sowirono@oracle.com,Sales,3
