{
    "fields": [
        {
            "hidden": false,
            "id": "id",
            "internal": true,
            "key": true,
            "oid": "742aef60-2bac-40c7-aceb-6693707f1099",
            "required": true,
            "singularName": "Id",
            "type": "number",
            "unique": true
        },
        {
            "hidden": false,
            "id": "creationDate",
            "internal": true,
            "key": false,
            "oid": "fc936011-681a-49cf-b17e-2a425d48293e",
            "singularName": "Creation Date",
            "type": "datetime"
        },
        {
            "hidden": false,
            "id": "lastUpdateDate",
            "internal": true,
            "key": false,
            "oid": "a50dde59-8804-4e0d-be89-427c8a89dfd6",
            "singularName": "Last Update Date",
            "type": "datetime"
        },
        {
            "hidden": false,
            "id": "createdBy",
            "internal": true,
            "key": false,
            "oid": "faa7eb1b-3cd6-445d-a95f-8bdc2ef766f4",
            "singularName": "Created By",
            "type": "string"
        },
        {
            "hidden": false,
            "id": "lastUpdatedBy",
            "internal": true,
            "key": false,
            "oid": "28bba482-da46-482a-aaac-e59d5b864190",
            "singularName": "Last Updated By",
            "type": "string"
        },
        {
            "hidden": true,
            "id": "abcsChangeNumber",
            "internal": true,
            "key": false,
            "oid": "4a950b50-d1dd-4155-b0f2-4d9af77c605b",
            "singularName": "Update ID",
            "type": "number"
        },
        {
            "id": "name",
            "oid": "c454b901-83fe-4f02-833d-e09d85354ec0",
            "singularName": "Name",
            "type": "string"
        },
        {
            "id": "currency",
            "oid": "f2bd7329-97f3-4b3f-8f33-6974aa33f7c7",
            "singularName": "Currency",
            "type": "string"
        },
        {
            "id": "code",
            "oid": "f927c354-0500-4e74-be80-d7a1107eaa2a",
            "singularName": "Code",
            "type": "string"
        },
        {
            "aggregation": {
                "aggregationFunction": "SUM",
                "aggregationPath": [
                    {
                        "entityId": "ExpenseReport",
                        "mappingFieldId": "country"
                    }
                ],
                "aggregatedFieldId": "amount"
            },
            "id": "expByCountry",
            "oid": "e4327ef4-f82e-4d1a-af48-ba9b25bbef33",
            "updatable": false,
            "singularName": "ExpByCountry",
            "type": "number"
        }
    ],
    "hidden": false,
    "id": "Country",
    "oid": "273dbfe0-e8b4-4743-8c24-00be2d27fb00",
    "singularName": "Country",
    "setupData": true
}