{
    "fields": [
        {
            "id": "id",
            "internal": true,
            "key": true,
            "oid": "b5892ccb-a293-4a6e-9254-862c4b1ee86f",
            "required": true,
            "singularName": "Id",
            "type": "number",
            "unique": true
        },
        {
            "id": "creationDate",
            "internal": true,
            "oid": "ed1d0733-a80d-43d0-848d-6b1f1496b14a",
            "singularName": "Created",
            "type": "datetime"
        },
        {
            "id": "lastUpdateDate",
            "internal": true,
            "oid": "1cd7b69a-9c2a-429e-986b-74df7dfded86",
            "singularName": "Last Updated",
            "type": "datetime"
        },
        {
            "id": "createdBy",
            "internal": true,
            "oid": "0e874325-ee65-4172-859c-f54e6ae33711",
            "singularName": "Created By",
            "type": "string"
        },
        {
            "id": "lastUpdatedBy",
            "internal": true,
            "oid": "631e6eed-ad90-4765-8c7f-42dd3be74318",
            "singularName": "Last Updated By",
            "type": "string"
        },
        {
            "hidden": true,
            "id": "abcsChangeNumber",
            "internal": true,
            "oid": "93bb0b42-c6fb-49c6-8e9b-53eb4f5076ff",
            "singularName": "<internal>",
            "type": "number"
        },
        {
            "id": "typeName",
            "oid": "fb2384c2-45d9-4a25-bdd5-690426fc87d4",
            "singularName": "type name",
            "type": "string"
        },
        {
            "aggregation": {
                "aggregationFunction": "COUNT",
                "aggregationPath": [
                    {
                        "entityId": "LeaveApplication",
                        "mappingFieldId": "leaveType"
                    }
                ]
            },
            "id": "approvedCount",
            "oid": "f2b4dd92-248f-4b32-926d-187897606f19",
            "updatable": false,
            "singularName": "ApprovedCount",
            "type": "number"
        },
        {
            "aggregation": {
                "aggregationFunction": "COUNT",
                "aggregationPath": [
                    {
                        "entityId": "LeaveApplication",
                        "mappingFieldId": "leaveType"
                    }
                ]
            },
            "id": "notApprovedCount",
            "oid": "afc3f613-320c-4145-94f7-2f7353e800f4",
            "updatable": false,
            "singularName": "notApprovedCount",
            "type": "number"
        },
        {
            "aggregation": {
                "aggregationFunction": "COUNT",
                "aggregationPath": [
                    {
                        "entityId": "LeaveApplication",
                        "mappingFieldId": "leaveType"
                    }
                ]
            },
            "id": "leaveByType",
            "oid": "80675840-6e4b-4a9e-907b-8d767f859c1b",
            "updatable": false,
            "singularName": "leaveByType",
            "type": "number"
        }
    ],
    "id": "LeaveType",
    "oid": "c7376a30-8c3f-477a-892b-e8350f6ece12",
    "singularName": "Leave Type",
    "setupData": true
}