id,creationDate,lastUpdateDate,createdBy,lastUpdatedBy,typeName
1,2018-08-12T17:41:45,2018-08-12T17:41:45.011,rodney.sowirono@oracle.com,rodney.sowirono@oracle.com,Child Care Leave (Max. 6 Days)
2,2018-08-12T17:42:09,2018-08-12T17:42:23,rodney.sowirono@oracle.com,rodney.sowirono@oracle.com,Compassionate (max. 3 days)
3,2018-08-12T17:42:47,2018-08-12T17:42:47.005,rodney.sowirono@oracle.com,rodney.sowirono@oracle.com,Exam (max. 5 days)
4,2018-08-12T17:43:15,2018-08-12T17:43:15.006,rodney.sowirono@oracle.com,rodney.sowirono@oracle.com,Extended Child Care Leave (max. 2 days)
5,2018-08-12T17:43:47,2018-08-12T17:43:47.013,rodney.sowirono@oracle.com,rodney.sowirono@oracle.com,Marriage (max 3 days)
6,2018-08-12T17:44:17,2018-08-12T17:44:17.01,rodney.sowirono@oracle.com,rodney.sowirono@oracle.com,Military Leave
7,2018-08-12T17:44:43,2018-08-12T17:44:43.007,rodney.sowirono@oracle.com,rodney.sowirono@oracle.com,Paternity Leave (max 10 days)
8,2018-08-12T17:45:10,2018-08-12T17:45:10.011,rodney.sowirono@oracle.com,rodney.sowirono@oracle.com,Sick Day (max 14 days)
9,2018-08-12T17:45:57,2018-08-12T17:45:57.007,rodney.sowirono@oracle.com,rodney.sowirono@oracle.com,Unpaid leave - infant care (max. 6 Days)
10,2018-08-12T17:46:16,2018-08-12T17:46:16.006,rodney.sowirono@oracle.com,rodney.sowirono@oracle.com,Vacation (in Days)
