{
    "flowModelVersion": "18.2.3",
    "id": "main",
    "description": "Flow main",
    "defaultPage": "main-expense-report",
    "chains": {},
    "services": {},
    "types": {
        "getallExpenseReportResponse": {
            "items": [
                {
                    "id": "number",
                    "name": "string",
                    "startDate": "string",
                    "endDate": "string",
                    "amount": "number",
                    "approval": "number",
                    "approvalObject": {
                        "items": [
                            {
                                "status": "string"
                            }
                        ]
                    },
                    "countryObject": {
                        "items": [
                            {
                                "name": "string"
                            }
                        ]
                    }
                }
            ]
        },
        "@decorators.getallExpenseReportResponse": {
            "endpoint": "getall_ExpenseReport",
            "service": "businessObjects",
            "path": "response"
        },
        "createExpenseReportRequest": {
            "name": "string",
            "startDate": "string",
            "endDate": "string",
            "country": "number",
            "description": "string",
            "justification": "string",
            "amount": "number",
            "exchangeRate": "number",
            "approval": "number"
        },
        "@decorators.createExpenseReportRequest": {
            "endpoint": "create_ExpenseReport",
            "service": "businessObjects",
            "path": "request"
        },
        "businessObjectServiceErrorResponseType": {
            "body": {
                "status": "string",
                "title": "string",
                "o_errorDetails": [
                    {
                        "detail": "string",
                        "o_errorCode": "string"
                    }
                ]
            },
            "status": "number"
        },
        "getallCountryResponse": {
            "items": [
                {
                    "id": "number",
                    "name": "string"
                }
            ]
        },
        "@decorators.getallCountryResponse": {
            "endpoint": "getall_Country",
            "service": "businessObjects",
            "path": "response"
        },
        "updateExpenseReportRequest": {
            "name": "string",
            "startDate": "string",
            "endDate": "string",
            "country": "number",
            "description": "string",
            "justification": "string",
            "amount": "number",
            "approval": "number"
        },
        "@decorators.updateExpenseReportRequest": {
            "endpoint": "update_ExpenseReport",
            "service": "businessObjects",
            "path": "request"
        },
        "getallLineItemResponse": {
            "items": [
                {
                    "id": "number",
                    "creationDate": "string",
                    "lastUpdateDate": "string",
                    "createdBy": "string",
                    "lastUpdatedBy": "string",
                    "expenseReport": "number",
                    "name": "string",
                    "amount": "number",
                    "category": "number",
                    "expenseDate": "string",
                    "categoryObject": {
                        "items": [
                            {
                                "id": "number",
                                "creationDate": "string",
                                "lastUpdateDate": "string",
                                "createdBy": "string",
                                "lastUpdatedBy": "string",
                                "name": "string"
                            }
                        ]
                    }
                }
            ]
        },
        "@decorators.getallLineItemResponse": {
            "endpoint": "getall_LineItem",
            "service": "businessObjects",
            "path": "response"
        },
        "getallLineItemCategoryObjectResponse": {
            "items": [
                {
                    "name": "string"
                }
            ]
        },
        "@decorators.getallLineItemCategoryObjectResponse": {
            "endpoint": "getall_LineItem-categoryObject",
            "service": "businessObjects",
            "path": "response"
        },
        "getallCategoryResponse": {
            "items": [
                {
                    "id": "number",
                    "name": "string"
                }
            ]
        },
        "@decorators.getallCategoryResponse": {
            "endpoint": "getall_Category",
            "service": "businessObjects",
            "path": "response"
        },
        "getallExpenseReportResponse2": {
            "items": [
                {
                    "id": "number",
                    "name": "string",
                    "startDate": "string",
                    "endDate": "string",
                    "justification": "string",
                    "amount": "number",
                    "countryObject": {
                        "items": [
                            {
                                "name": "string"
                            }
                        ]
                    }
                }
            ]
        },
        "@decorators.getallExpenseReportResponse2": {
            "endpoint": "getall_ExpenseReport",
            "service": "businessObjects",
            "path": "response"
        }
      },
    "variables": {}
}