{
    "fields": [
        {
            "id": "id",
            "internal": true,
            "key": true,
            "oid": "398aadfb-4f09-4c00-b168-76cae8a313c3",
            "required": true,
            "singularName": "Id",
            "type": "number",
            "unique": true
        },
        {
            "id": "creationDate",
            "internal": true,
            "oid": "39037f59-bfd0-4375-b018-d9b881519d00",
            "singularName": "Created",
            "type": "datetime"
        },
        {
            "id": "lastUpdateDate",
            "internal": true,
            "oid": "b024ebe8-5971-4744-9bc3-49be9537222f",
            "singularName": "Last Updated",
            "type": "datetime"
        },
        {
            "id": "createdBy",
            "internal": true,
            "oid": "c39a4fcf-1bbb-4f2d-a8fc-fbca0c90bba6",
            "singularName": "Created By",
            "type": "string"
        },
        {
            "id": "lastUpdatedBy",
            "internal": true,
            "oid": "c8c507b6-c29e-4cb1-84c3-8abcea28a814",
            "singularName": "Last Updated By",
            "type": "string"
        },
        {
            "hidden": true,
            "id": "abcsChangeNumber",
            "internal": true,
            "oid": "1a1771c9-f715-48b0-8517-c0612b82729d",
            "singularName": "<internal>",
            "type": "number"
        },
        {
            "id": "name",
            "oid": "8613d3f6-53ea-4a6d-ac16-c7dcf2032b72",
            "singularName": "Name",
            "type": "string"
        },
        {
            "id": "date1",
            "oid": "1582060f-04a3-4e26-8bee-a27b05c5bdd7",
            "singularName": "Date",
            "type": "date"
        },
        {
            "id": "activityTracker",
            "oid": "7d29173b-a499-444d-91e6-a5eabc1290f7",
            "required": true,
            "singularName": "Activity Tracker ID",
            "type": "reference",
            "unique": false
        },
        {
            "id": "modeOfOperation",
            "oid": "8e52599f-b79b-49df-a13a-f5ee31e9bc92",
            "singularName": "ModeOfOperation",
            "type": "reference",
            "unique": false
        },
        {
            "id": "description",
            "oid": "7dbf439a-5eab-4c67-92d9-bcf89e4b75bf",
            "singularName": "Description",
            "type": "string"
        },
        {
            "id": "outcome",
            "oid": "a27ce4f8-769a-449d-b18a-f2cd877a3e6c",
            "singularName": "Outcome",
            "type": "string"
        },
        {
            "id": "nextStep",
            "oid": "12099395-7737-4f3c-9a12-dad58e6c0be3",
            "singularName": "Next Step",
            "type": "string"
        }
    ],
    "id": "TrackerLineItem",
    "oid": "9ec6e222-263f-4d15-bfd6-9277eaa99557",
    "singularName": "Tracker Line Item",
    "relations": [
        {
            "accessorId": "activityTrackerObject",
            "cardinality": "manyToOne",
            "defaultDisplayFieldId": "name",
            "deleteRule": "cascade",
            "mappingFieldId": "activityTracker",
            "derivedRelationInfoMap": {
                "$reverse": {
                    "accessorId": "trackerLineItemCollecti"
                }
            },
            "sourceEntityId": "TrackerLineItem",
            "targetEntityId": "ActivityTracker"
        },
        {
            "accessorId": "modeOfOperationObject",
            "cardinality": "manyToOne",
            "defaultDisplayFieldId": "name",
            "deleteRule": "restrict",
            "mappingFieldId": "modeOfOperation",
            "sourceEntityId": "TrackerLineItem",
            "targetEntityId": "ModeOfOperation"
        }
    ]
}