id,creationDate,lastUpdateDate,createdBy,lastUpdatedBy,name,date1,activityTracker,modeOfOperation,description,outcome,nextStep
5,2018-08-11T07:29:27,2018-08-17T11:02:03,rodney.sowirono@oracle.com,rodney.sowirono@oracle.com,Neque porro...,2018-08-09,1,1,Neque porro quisquam est qui dolorem...,Neque porro quisquam est qui dolorem,Neque porro quisquam est qui dolorem
7,2018-08-11T07:41:27,2018-08-17T10:56:09,rodney.sowirono@oracle.com,rodney.sowirono@oracle.com,Neque porro quisquam est qui dolorem,2018-08-01,1,3,Neque porro quisquam est qui dolorem,Neque porro quisquam est qui dolorem,Neque porro quisquam est qui dolorem
8,2018-08-11T07:41:55,2018-08-17T10:56:21,rodney.sowirono@oracle.com,rodney.sowirono@oracle.com,Neque porro quisquam est qui dolorem,2018-08-15,1,2,Neque porro quisquam est qui dolorem,Neque porro quisquam est qui dolorem,Neque porro quisquam est qui dolorem
9,2018-08-11T07:54:12,2018-08-17T10:56:36,rodney.sowirono@oracle.com,rodney.sowirono@oracle.com,Neque porro quisquam est qui dolorem,2018-08-12,2,3,Nullam vel elit in ante fermentum,Lorem ipsum dolor sit amet,Lorem ipsum dolor sit amet
10,2018-08-13T09:13:47,2018-08-13T09:13:47.014,rodney.sowirono@oracle.com,rodney.sowirono@oracle.com,Test,2018-08-23,2,4,Test,Test,Test
11,2018-08-14T08:39:06,2018-08-17T10:56:48,rodney.sowirono@oracle.com,rodney.sowirono@oracle.com,Neque porro quisquam est qui dolorem,2018-08-15,1,1,Neque porro quisquam est qui dolorem,Neque porro quisquam est qui dolorem,Neque porro quisquam est qui dolorem
12,2018-08-14T10:04:33,2018-08-14T10:04:33.013,rodney.sowirono@oracle.com,rodney.sowirono@oracle.com,Rodney,2018-08-15,2,6,This is the description,Good,Find out more
